Mod.Name.;Ore.Name.;Preferred.Preset;Vein.Preset.;Cloud.Preset;Avg..Ores.Per.Chunk.;Vein.Size.;Veins.Per.Chunk.;Standard.Size.;Standard.Frequency.;Vein.Multiplier;Frequency;Motherlode.Size;Branch.Length;Segment.Radius;Cloud.Multiplier.;Frequency.1;Radius...Thickness;Average.;Range.;Amp..Average;Amp.Range.;Bottom;Top;Mountain.Avg.;Mountain.Range.;Amplified.Top;Debugging.Color;Seed;Dimension;Distribution.Type;Block.ID.s.;Replaces;Extra.Sprocket.Settings;Extra.Sprocket.Mountain.Settings;Notes.
Vanilla Minecraft;Clay;Clouds;Small Deposits;Stratum Clouds;256;32;16;16;8;25.083;1.252;1.648;none;none;7.143;2.673;1.635;60;4;60;4;56;64;0;0;64;A5A9B9;;Overworld;normal;minecraft:clay;minecraft:dirt, minecraft:gravel, minecraft:sand;;Need Biome Types: Mountain\nNeed Biomes: MISSING;Clay is specially handled.  DO NOT USE THIS CONFIG.
Vanilla Minecraft;Coal;Veins;Sparse Veins;Strategic Clouds;160;16;20;8;10;60.036;7.748;none;2.784;1.668;13.061;3.614;1.901;64;64;124.8;124.8;0;128;0;0;249.6;2A2A2A;;Overworld;normal;minecraft:coal_ore;minecraft:stone;;Need Biome Types: Mountain\nNeed Biomes: MISSING;
Vanilla Minecraft;Iron;Veins;Layered Veins;Strategic Clouds;80;8;20;4;10;5.01;2.238;1.144;1.496;1.223;6.531;2.556;1.599;32;32;32;32;0;64;160;96;64;DDC2AF;;Overworld;normal;minecraft:iron_ore;minecraft:stone;;Need Biome Types: Mountain\nNeed Biomes: MISSING;
Vanilla Minecraft;Gold;Veins;Layered Veins;Strategic Clouds;8;8;2;4;1;0.501;0.708;0.944;0.841;0.917;0.653;0.808;0.899;16;16;16;16;0;32;112;48;32;EAEF57;;Overworld;normal;minecraft:gold_ore;minecraft:stone;;Need Biome Types: Mountain\nNeed Biomes: MISSING;
Vanilla Minecraft;Redstone;Veins;Vertical Veins;Strategic Clouds;28;7;8;3.5;4;5.787;2.406;none;default;1.551;2.286;1.512;1.23;8;8;8;8;0;16;88;24;16;A80002;;Overworld;normal;minecraft:redstone_ore;minecraft:stone;Vein Branch Inclination: -_default_, -_default_, normal, base;Need Biome Types: Mountain\nNeed Biomes: MISSING\nVein Branch Inclination: -_default_, -_default_, normal, base;
Vanilla Minecraft;Diamond;Veins;Pipe Veins;Strategic Clouds;3.5;7;1;3.5;0.5;0.51;0.714;none;0.845;0.919;0.286;0.535;0.731;8;8;8;8;0;16;0;0;16;8BF4E3;197B;Overworld;normal;minecraft:diamond_ore;minecraft:stone;Alternate Blocks: minecraft:lava;Need Biome Types: Mountain\nNeed Biomes: MISSING\nAlternate Blocks: minecraft:lava;
Vanilla Minecraft;Lapis Lazuli;Veins;Vertical Veins;Strategic Clouds;3;6;1;3;0.5;0.62;0.787;none;default;0.887;0.245;0.495;0.703;16;0;16;0;16;16;112;0;16;1442BA;;Overworld;normal;minecraft:lapis_ore;minecraft:stone;Vein Branch Inclination: -_default_, -_default_, normal, base;Need Biome Types: Mountain\nNeed Biomes: MISSING\nVein Branch Inclination: -_default_, -_default_, normal, base;
Vanilla Minecraft;Emerald;Veins;Pipe Veins;Strategic Clouds;1;2;1;1;0.5;0.146;0.382;none;0.618;0.786;0.082;0.286;0.535;16;12;16;12;4;28;0;0;28;6CE391;54B3;Overworld;normal;minecraft:emerald_ore;minecraft:stone;Need Biome Types: Mountain\nNeed Biomes: MISSING\nAlternate Blocks: minecraft:monster_egg;Need Biome Types: Mountain\nNeed Biomes: MISSING\nAlternate Blocks: minecraft:monster_egg;Hills Biomes Only
Vanilla Minecraft;Nether Quartz;Veins;Sparse Veins;Strategic Clouds;104;16;13;8;6.5;39.023;6.247;none;2.499;1.581;8.49;2.914;1.707;59;49;100.8;90.8;10;108;0;0;191.6;DBCCBF;;Nether;uniform;minecraft:quartz_ore;minecraft:netherrack;;Need Biome Types: Mountain\nNeed Biomes: MISSING;
Applied Energistics;Certus Quartz;Veins;Sparse Veins;Strategic Clouds;30;4;15;2;7.5;11.257;3.355;none;1.832;1.353;2.449;1.565;1.251;43;26;47.75;30.75;17;69;193;78;78.5;9BBEC2;;Overworld;normal;appliedenergistics2:quartz_ore, appliedenergistics2:charged_quartz_ore;minecraft:stone;Block Weights: 0.90, 0.10;Need Biome Types: Mountain\nNeed Biomes: MISSING\nBlock Weights: 0.90, 0.10;
Ars Magica 2;Vinteum;Veins;Sparse Veins;Strategic Clouds;12;4;6;2;3;4.503;2.122;none;1.457;1.207;0.98;0.99;0.995;27.5;17.5;27.5;17.5;10;45;146.5;52.5;45;5364EE;;Overworld;normal;arsmagica2:ore;minecraft:stone;;Need Biome Types: Mountain\nNeed Biomes: MISSING;
Ars Magica 2;Chimerite;Veins;Sparse Veins;Strategic Clouds;24;6;8;3;4;9.005;3.001;none;1.732;1.316;1.959;1.4;1.183;45;35;60.2;50.2;10;80;199;105;110.4;B8E6C6;;Overworld;normal;arsmagica2:ore:1;minecraft:stone;;Need Biome Types: Mountain\nNeed Biomes: MISSING;
Ars Magica 2;Blue Topaz;Veins;Sparse Veins;Strategic Clouds;24;6;8;3;4;9.005;3.001;none;1.732;1.316;1.959;1.4;1.183;45;35;60.2;50.2;10;80;199;105;110.4;7EE5F4;;Overworld;normal;arsmagica2:ore:2;minecraft:stone;;Need Biome Types: Mountain\nNeed Biomes: MISSING;
Biomes O'Plenty;Amethyst;Veins;Pipe Veins;Strategic Clouds;0.5;1;1;0.5;0.5;0.073;0.27;none;0.520;0.721;0.041;0.202;0.449;19;13;19;13;6;32;0;0;32;DD4EEA;58D8;End;uniform;BiomesOPlenty:gem_ore;minecraft:end_stone;;Need Biome Types: Mountain\nNeed Biomes: MISSING;
Biomes O'Plenty;Ruby;Veins;Pipe Veins;Strategic Clouds;0.5;1;1;0.5;0.5;0.073;0.27;none;0.520;0.721;0.041;0.202;0.449;19;13;19;13;6;32;0;0;32;C60031;706D;Overworld;normal;BiomesOPlenty:gem_ore:1;minecraft:stone;Need Biome Types: Sandy\nNeed Biomes: MISSING;;
Biomes O'Plenty;Peridot;Veins;Pipe Veins;Strategic Clouds;0.5;1;1;0.5;0.5;0.073;0.27;none;0.520;0.721;0.041;0.202;0.449;19;13;19;13;6;32;0;0;32;076855;A6AC;Overworld;normal;BiomesOPlenty:gem_ore:2;minecraft:stone;Need Biome Types:Plains\nNeed Biomes: MISSING;;
Biomes O'Plenty;Topaz;Veins;Pipe Veins;Strategic Clouds;0.5;1;1;0.5;0.5;0.073;0.27;none;0.520;0.721;0.041;0.202;0.449;19;13;19;13;6;32;0;0;32;D95A03;B7E1;Overworld;normal;BiomesOPlenty:gem_ore:3;minecraft:stone;Need Biome Types: Jungle\nNeed Biomes: MISSING;;
Biomes O'Plenty;Tanzanite;Veins;Pipe Veins;Strategic Clouds;0.5;1;1;0.5;0.5;0.073;0.27;none;0.520;0.721;0.041;0.202;0.449;19;13;19;13;6;32;0;0;32;7701B9;A51A;Overworld;normal;BiomesOPlenty:gem_ore:4;minecraft:stone;Need Biome Types: Snowy\nNeed Biomes: MISSING\nAvoid Biomes: Alps, Alps Forest;;
Biomes O'Plenty;Malachite;Veins;Pipe Veins;Strategic Clouds;0.5;1;1;0.5;0.5;0.073;0.27;none;0.520;0.721;0.041;0.202;0.449;19;13;19;13;6;32;0;0;32;109D81;5A38;Overworld;normal;BiomesOPlenty:gem_ore:5;minecraft:stone;Need Biome Types: Swamp\nNeed Biomes: MISSING;;
Biomes O'Plenty;Sapphire;Veins;Pipe Veins;Strategic Clouds;0.5;1;1;0.5;0.5;0.073;0.27;none;0.520;0.721;0.041;0.202;0.449;19;13;19;13;6;32;0;0;32;3494C3;7474;Overworld;normal;BiomesOPlenty:gem_ore:6;minecraft:stone;Need Biomes: Coral Reef, Crag, Hot Springs, Kelp Forest, Mangrove, Sacred Springs, Tropics;;
Biomes O'Plenty;Amber;Veins;Pipe Veins;Strategic Clouds;0.5;1;1;0.5;0.5;0.073;0.27;none;0.520;0.721;0.041;0.202;0.449;19;13;19;13;6;32;0;0;32;FE9D1B;1FEF;Overworld;normal;BiomesOPlenty:gem_ore:7;minecraft:stone;Need Biomes: River, Grove, Shield, Thicket;;
Chisel 2;Andesite;Clouds;Layered Veins;Stratum Clouds;64;16;8;8;4;4.008;2.002;1.123;1.415;1.189;1.786;1.336;1.156;67;61;127.8;121.8;6;128;0;0;249.6;CECABE;;Overworld;uniform;chisel:andesite:7;minecraft:stone;;Need Biome Types: Mountain\nNeed Biomes: MISSING;
Chisel 2;Diorite;Clouds;Layered Veins;Stratum Clouds;64;16;8;8;4;4.008;2.002;1.123;1.415;1.189;1.786;1.336;1.156;67;61;127.8;121.8;6;128;0;0;249.6;E6E5D3;;Overworld;uniform;chisel:diorite:7;minecraft:stone;;Need Biome Types: Mountain\nNeed Biomes: MISSING;
Chisel 2;Granite;Clouds;Layered Veins;Stratum Clouds;64;16;8;8;4;4.008;2.002;1.123;1.415;1.189;1.786;1.336;1.156;67;61;127.8;121.8;6;128;0;0;249.6;F2D9C3;;Overworld;uniform;chisel:granite:7;minecraft:stone;;Need Biome Types: Mountain\nNeed Biomes: MISSING;
Chisel 2;Limestone;Clouds;Layered Veins;Stratum Clouds;88;22;8;11;4;5.511;2.348;1.153;1.532;1.238;2.455;1.567;1.252;67;61;127.8;121.8;6;128;0;0;249.6;A5A28F;;Overworld;uniform;chisel:limestone:7;minecraft:stone;;Need Biome Types: Mountain\nNeed Biomes: MISSING;
Chisel 2;Marble;Clouds;Layered Veins;Stratum Clouds;77;22;7;11;3.5;4.822;2.196;1.140;1.482;1.217;2.148;1.466;1.211;67;61;127.8;121.8;6;128;0;0;249.6;CECECE;;Overworld;uniform;chisel:marble:7;minecraft:stone;;Need Biome Types: Mountain\nNeed Biomes: MISSING;
Common Ores;Silver;Veins;Layered Veins;Strategic Clouds;16;8;4;4;2;1.002;1.001;1.000;1.000;1.000;0.446;0.668;0.817;24;16;24;16;8;40;136;48;40;E3F2F7;;Overworld;normal;CommonOres:oreSilver;minecraft:stone;;Need Biome Types: Mountain\nNeed Biomes: MISSING;
Common Ores;Copper;Veins;Layered Veins;Strategic Clouds;84;7;24;3.5;12;5.26;2.294;1.148;1.514;1.231;2.344;1.531;1.237;40;35;50.45;45.45;5;75;184;105;95.9;FF8E2B;;Overworld;normal;CommonOres:oreCopper;minecraft:stone;;Need Biome Types: Mountain\nNeed Biomes: MISSING;
Common Ores;Tin;Veins;Layered Veins;Strategic Clouds;77;7;22;3.5;11;4.822;2.196;1.140;1.482;1.217;2.148;1.466;1.211;33;27;33;27;6;60;163;81;60;E8E8E8;;Overworld;normal;CommonOres:oreTin;minecraft:stone;;Need Biome Types: Mountain\nNeed Biomes: MISSING;
Common Ores;Platinum;Veins;Layered Veins;Strategic Clouds;4;4;2;2;1;0.25;0.5;0.891;0.707;0.841;0.112;0.334;0.578;11;5;11;5;6;16;97;15;16;2D84E7;;Overworld;normal;CommonOres:orePlatinum;minecraft:stone;;Need Biome Types: Mountain\nNeed Biomes: MISSING;
Common Ores;Aluminum;Veins;Layered Veins;Strategic Clouds;63;7;18;3.5;9;3.945;1.986;1.121;1.409;1.187;1.758;1.326;1.151;25;20;25;20;5;45;139;60;45;EDEDED;;Overworld;normal;CommonOres:oreAluminum;minecraft:stone;;Need Biome Types: Mountain\nNeed Biomes: MISSING;
Common Ores;Lead;Veins;Layered Veins;Strategic Clouds;32;8;8;4;4;2.004;1.416;1.060;1.190;1.091;0.893;0.945;0.972;23;12;23;12;11;35;133;36;35;818EBE;;Overworld;normal;CommonOres:oreLead;minecraft:stone;;Need Biome Types: Mountain\nNeed Biomes: MISSING;
Common Ores;Nickel;Veins;Layered Veins;Strategic Clouds;24;8;6;4;3;1.503;1.226;1.035;1.107;1.052;0.67;0.818;0.905;32;16;32;16;16;48;160;48;48;D2D1B6;;Overworld;normal;CommonOres:oreNickel;minecraft:stone;;Need Biome Types: Mountain\nNeed Biomes: MISSING;
Dense Ores;Coal;Veins;Sparse Veins;Strategic Clouds;160;16;20;8;10;60.036;7.748;none;2.784;1.668;13.061;3.614;1.901;64;64;124.8;124.8;0;128;0;0;249.6;2A2A2A;;Overworld;normal;minecraft:coal_ore, denseores:block0:6;minecraft:stone;Block Weights: 0.9, 0.1;Need Biome Types: Mountain\nNeed Biomes: MISSING\nBlock Weights: 0.9, 0.1;
Dense Ores;Iron;Veins;Layered Veins;Strategic Clouds;80;8;20;4;10;5.01;2.238;1.144;1.496;1.223;6.531;2.556;1.599;32;32;32;32;0;64;160;96;64;DDC2AF;;Overworld;normal;minecraft:iron_ore, denseores:block0;minecraft:stone;Block Weights: 0.9, 0.1;Need Biome Types: Mountain\nNeed Biomes: MISSING\nBlock Weights: 0.9, 0.1;
Dense Ores;Gold;Veins;Layered Veins;Strategic Clouds;8;8;2;4;1;0.501;0.708;0.944;0.841;0.917;0.653;0.808;0.899;16;16;16;16;0;32;112;48;32;EAEF57;;Overworld;normal;minecraft:gold_ore, denseores:block0:1;minecraft:stone;Block Weights: 0.9, 0.1;Need Biome Types: Mountain\nNeed Biomes: MISSING\nBlock Weights: 0.9, 0.1;
Dense Ores;Redstone;Veins;Vertical Veins;Strategic Clouds;28;7;8;3.5;4;5.787;2.406;none;default;1.551;2.286;1.512;1.23;8;8;8;8;0;16;88;24;16;A80002;;Overworld;normal;minecraft:redstone_ore, denseores:block0:5;minecraft:stone;Block Weights: 0.9, 0.1\nVein Branch Inclination: -_default_, -_default_, normal, base;Need Biome Types: Mountain\nNeed Biomes: MISSING\nBlock Weights: 0.9, 0.1\nVein Branch Inclination: -_default_, -_default_, normal, base;
Dense Ores;Diamond;Veins;Pipe Veins;Strategic Clouds;3.5;7;1;3.5;0.5;0.51;0.714;none;0.845;0.919;0.286;0.535;0.731;8;8;8;8;0;16;0;0;16;8BF4E3;197B;Overworld;normal;minecraft:diamond_ore, denseores:block0:3;minecraft:stone;Block Weights: 0.9, 0.1\nAlternate Blocks: minecraft:lava;Need Biome Types: Mountain\nNeed Biomes: MISSING\nBlock Weights: 0.9, 0.1\nAlternate Blocks: minecraft:lava;
Dense Ores;Lapis Lazuli;Veins;Vertical Veins;Strategic Clouds;3;6;1;3;0.5;0.62;0.787;none;default;0.887;0.245;0.495;0.703;16;0;16;0;16;16;112;0;16;1442BA;;Overworld;normal;minecraft:lapis_ore, denseores:block0:2;minecraft:stone;Block Weights: 0.9, 0.1\nVein Branch Inclination: -_default_, -_default_, normal, base;Need Biome Types: Mountain\nNeed Biomes: MISSING\nBlock Weights: 0.9, 0.1\nVein Branch Inclination: -_default_, -_default_, normal, base;
Dense Ores;Emerald;Veins;Pipe Veins;Strategic Clouds;9;2;9;1;4.5;1.312;1.145;none;1.070;1.035;0.735;0.857;0.926;16;12;16;12;4;28;0;0;28;6CE391;54B3;Overworld;normal;minecraft:emerald_ore, denseores:block0:4;minecraft:stone;Block Weights: 0.9, 0.1\nNeed Biome Types: Mountain\nNeed Biomes: MISSING\nAlternate Blocks: minecraft:monster_egg;Block Weights: 0.9, 0.1\nNeed Biome Types: Mountain\nNeed Biomes: MISSING\nAlternate Blocks: minecraft:monster_egg;Hills Biomes Only
Dense Ores;Nether Quartz;Veins;Sparse Veins;Strategic Clouds;104;16;13;8;6.5;39.023;6.247;none;2.499;1.581;8.49;2.914;1.707;59;49;100.8;90.8;10;108;0;0;191.6;DBCCBF;;Nether;uniform;minecraft:quartz_ore, denseores:block0:7;minecraft:netherrack;Block Weights: 0.9, 0.1;Need Biome Types: Mountain\nNeed Biomes: MISSING\nBlock Weights: 0.9, 0.1;
ElectriCraft;Copper;Veins;Layered Veins;Strategic Clouds;24;6;8;3;4;1.503;1.226;1.035;1.107;1.052;1.959;1.4;1.183;48;16;48;16;32;64;208;48;64;BB6E30;;Overworld;normal;ElectriCraft:electricraft_block_ore;minecraft:stone;;Need Biome Types: Mountain\nNeed Biomes: MISSING;
ElectriCraft;Tin;Veins;Layered Veins;Strategic Clouds;32;8;8;4;4;2.004;1.416;1.060;1.190;1.091;2.612;1.616;1.271;60;12;67.6;19.6;48;72;244;36;87.2;A9C7CF;;Overworld;normal;ElectriCraft:electricraft_block_ore:1;minecraft:stone;;Need Biome Types: Mountain\nNeed Biomes: MISSING;
ElectriCraft;Silver;Veins;Layered Veins;Strategic Clouds;12;6;4;3;2;0.751;0.867;0.976;0.931;0.965;0.98;0.99;0.995;19;13;19;13;6;32;121;39;32;B6D2EA;;Overworld;normal;ElectriCraft:electricraft_block_ore:2;minecraft:stone;;Need Biome Types: Mountain\nNeed Biomes: MISSING;
ElectriCraft;Nickel;Veins;Layered Veins;Strategic Clouds;24;8;6;4;3;1.503;1.226;1.035;1.107;1.052;1.959;1.4;1.183;32;16;32;16;16;48;160;48;48;D2D1B6;;Overworld;normal;ElectriCraft:electricraft_block_ore:3;minecraft:stone;;Need Biome Types: Mountain\nNeed Biomes: MISSING;
ElectriCraft;Aluminum;Veins;Layered Veins;Strategic Clouds;40;8;10;4;5;2.505;1.583;1.080;1.258;1.122;3.265;1.807;1.344;94;34;154.8;94.8;60;128;0;0;249.6;DAD9DB;;Overworld;uniform;ElectriCraft:electricraft_block_ore:4;minecraft:stone;;Need Biome Types: Mountain\nNeed Biomes: MISSING;
ElectriCraft;Platinum;Veins;Layered Veins;Strategic Clouds;4;4;2;2;1;0.25;0.5;0.891;0.707;0.841;0.327;0.571;0.756;11;5;11;5;6;16;97;15;16;2D84E7;;Overworld;normal;ElectriCraft:electricraft_block_ore:5;minecraft:stone;;Need Biome Types: Mountain\nNeed Biomes: MISSING;
Et Futurum;Granite;Clouds;Layered Veins;Stratum Clouds;165;33;10;16.5;5;10.333;3.214;1.215;1.793;1.339;4.604;2.146;1.465;40;40;55.2;55.2;0;80;184;120;110.4;DAAE99;;Overworld;normal;etfuturum:stone:1;minecraft:stone;;Need Biome Types: Mountain\nNeed Biomes: MISSING;
Et Futurum;Diorite;Clouds;Layered Veins;Stratum Clouds;165;33;10;16.5;5;10.333;3.214;1.215;1.793;1.339;4.604;2.146;1.465;40;40;55.2;55.2;0;80;184;120;110.4;CBCBCF;;Overworld;normal;etfuturum:stone:3;minecraft:stone;;Need Biome Types: Mountain\nNeed Biomes: MISSING;
Et Futurum;Andesite;Clouds;Layered Veins;Stratum Clouds;165;33;10;16.5;5;10.333;3.214;1.215;1.793;1.339;4.604;2.146;1.465;40;40;55.2;55.2;0;80;184;120;110.4;85858B;;Overworld;normal;etfuturum:stone:5;minecraft:stone;;Need Biome Types: Mountain\nNeed Biomes: MISSING;
Factorization;Silver;Veins;Layered Veins;Strategic Clouds;10.5;7;3;3.5;1.5;0.658;0.811;0.966;0.900;0.949;0.857;0.926;0.962;25;10;25;10;15;35;139;30;35;8C9EBE;;Overworld;normal;factorization:ResourceBlock;minecraft:stone;;Need Biome Types: Mountain\nNeed Biomes: MISSING;
Factorization;Dark Iron;Veins;Vertical Veins;Strategic Clouds;0.5;1;1;0.5;0.5;0.188;0.433;none;default;0.658;0.041;0.202;0.449;3;2;3;2;1;5;0;0;5;781CCB;;Overworld;normal;factorization:DarkIronOre;minecraft:stone, minecraft:dirt, minecraft:gravel;Place Beside: factorization:DarkIronOre, minecraft:bedrock\nPlace Above: factorization:DarkIronOre, minecraft:bedrock;Need Biome Types: Mountain\nNeed Biomes: MISSING\nPlace Beside: factorization:DarkIronOre, minecraft:bedrock\nPlace Above: factorization:DarkIronOre, minecraft:bedrock;
Flaxbeard's SteamCraft;Copper;Veins;Layered Veins;Strategic Clouds;25;5;10;2.5;5;1.566;1.251;1.038;1.119;1.058;2.041;1.429;1.195;42.5;37.5;57.7;52.7;5;80;191.5;112.5;110.4;D26B2F;;Overworld;normal;Steamcraft:steamcraftOre;minecraft:stone;;Need Biome Types: Mountain\nNeed Biomes: MISSING;
Flaxbeard's SteamCraft;Zinc;Veins;Layered Veins;Strategic Clouds;14;4;7;2;3.5;0.877;0.936;0.989;0.968;0.984;1.143;1.069;1.034;40;35;50.45;45.45;5;75;184;105;95.9;EAEAEA;;Overworld;normal;Steamcraft:steamcraftOre:1;minecraft:stone;;Need Biome Types: Mountain\nNeed Biomes: MISSING;
Forestry;Apatite;Veins;Sparse Veins;Strategic Clouds;18;36;1;18;0.5;6.754;2.599;none;1.612;1.270;1.469;1.212;1.101;120;64;234;178;56;184;0;0;412;52BBEF;;Overworld;uniform;forestry:resources;minecraft:stone;;Need Biome Types: Mountain\nNeed Biomes: MISSING;
Forestry;Copper;Veins;Layered Veins;Strategic Clouds;60;6;20;3;10;3.757;1.938;1.117;1.392;1.180;4.898;2.213;1.488;106;74;216.2;184.2;32;180;0;0;400.4;E3B78E;;Overworld;uniform;forestry:resources:1;minecraft:stone;;Need Biome Types: Mountain\nNeed Biomes: MISSING;
Forestry;Tin;Veins;Layered Veins;Strategic Clouds;54;6;18;3;9;3.382;1.839;1.107;1.356;1.165;4.408;2.1;1.449;98;82;208.2;192.2;16;180;0;0;400.4;D1EDF1;;Overworld;uniform;forestry:resources:2;minecraft:stone;;Need Biome Types: Mountain\nNeed Biomes: MISSING;
Fossils & Archaeology;Fossils;Clouds;Sparse Veins;Stratum Clouds;152;8;38;4;19;57.034;7.552;none;2.748;1.658;4.241;2.059;1.435;53;47;87.2;81.2;6;100;0;0;168.4;FEFDDF;;Overworld;normal;fossil:fossil;minecraft:stone;Prefer Biome Types: Swamp, hot, sandy;Need Biome Types: Mountain\nNeed Biomes: MISSING\nPrefer Biome Types: Swamp, hot, sandy;
Fossils & Archaeology;Permafrost;Clouds;Sparse Veins;Stratum Clouds;16;4;8;2;4;6.004;2.45;none;1.565;1.251;0.446;0.668;0.817;18;12.5;18;12.5;5.5;30.5;0;0;30.5;A5C3F5;;Overworld;normal;fossil:permafrost;minecraft:stone;Need Biome Types: Snowy;Need Biome Types: Mountain\nNeed Biomes: MISSING;
GalactiCraft;Copper;Veins;Layered Veins;Strategic Clouds;84;7;24;3.5;12;5.26;2.294;1.148;1.514;1.231;6.857;2.619;1.618;40;35;50.45;45.45;5;75;184;105;95.9;C17B40;;Overworld;normal;GalacticraftCore:tile.gcBlockCore:5;minecraft:stone;;Need Biome Types: Mountain\nNeed Biomes: MISSING;
GalactiCraft;Tin;Veins;Layered Veins;Strategic Clouds;77;7;22;3.5;11;4.822;2.196;1.140;1.482;1.217;6.286;2.507;1.583;33;27;33;27;6;60;163;81;60;C9C9C9;;Overworld;normal;GalacticraftCore:tile.gcBlockCore:6;minecraft:stone;;Need Biome Types: Mountain\nNeed Biomes: MISSING;
GalactiCraft;Aluminum;Veins;Layered Veins;Strategic Clouds;63;7;18;3.5;9;3.945;1.986;1.121;1.409;1.187;5.143;2.268;1.506;25;20;25;20;5;45;139;60;45;9CACB8;;Overworld;normal;GalacticraftCore:tile.gcBlockCore:7;minecraft:stone;;Need Biome Types: Mountain\nNeed Biomes: MISSING;
GalactiCraft;Silicon;Veins;Layered Veins;Strategic Clouds;10.5;7;3;3.5;1.5;0.658;0.811;0.966;0.900;0.949;0.857;0.926;0.962;15;10;15;10;5;25;109;30;25;2A2A2A;;Overworld;normal;GalacticraftCore:tile.gcBlockCore:8;minecraft:stone;;Need Biome Types: Mountain\nNeed Biomes: MISSING;
GeoStrata;Shale;Clouds;Layered Veins;Stratum Clouds;384;32;24;16;12;24.047;4.904;1.303;2.214;1.488;10.714;3.273;1.809;56;8;56;8;48;64;232;24;64;676970;;Overworld;normal;GeoStrata:geostrata_rock_shale_smooth;minecraft:stone;;Need Biome Types: Mountain\nNeed Biomes: MISSING;
GeoStrata;Sandstone;Clouds;Layered Veins;Stratum Clouds;384;32;24;16;12;24.047;4.904;1.303;2.214;1.488;10.714;3.273;1.809;88;40;148.8;100.8;48;128;0;0;249.6;BA9D80;;Overworld;uniform;GeoStrata:geostrata_rock_sandstone_smooth;minecraft:stone;;Need Biome Types: Mountain\nNeed Biomes: MISSING;
GeoStrata;Limestone;Clouds;Layered Veins;Stratum Clouds;384;32;24;16;12;24.047;4.904;1.303;2.214;1.488;10.714;3.273;1.809;88;40;148.8;100.8;48;128;0;0;249.6;CBBFAD;;Overworld;uniform;GeoStrata:geostrata_rock_limestone_smooth;minecraft:stone;;Need Biome Types: Mountain\nNeed Biomes: MISSING;
GeoStrata;Pumice;Clouds;Layered Veins;Stratum Clouds;230.4;32;14.4;16;7.2;14.428;3.798;1.249;1.949;1.396;6.429;2.535;1.592;11;5;11;5;6;16;97;15;16;C4C1BA;;Overworld;normal;GeoStrata:geostrata_rock_pumice_smooth;minecraft:stone;;Need Biome Types: Mountain\nNeed Biomes: MISSING;
GeoStrata;Opal;Clouds;Layered Veins;Stratum Clouds;48;32;3;16;1.5;3.006;1.734;1.096;1.317;1.147;1.339;1.157;1.076;46;14;46;14;32;60;202;42;60;CAFFFF;;Overworld;normal;GeoStrata:geostrata_rock_opal_smooth;minecraft:stone;;Need Biome Types: Mountain\nNeed Biomes: MISSING;
GeoStrata;Slate;Clouds;Layered Veins;Stratum Clouds;384;32;24;16;12;24.047;4.904;1.303;2.214;1.488;10.714;3.273;1.809;40;8;40;8;32;48;184;24;48;494B53;;Overworld;normal;GeoStrata:geostrata_rock_slate_smooth;minecraft:stone;;Need Biome Types: Mountain\nNeed Biomes: MISSING;
GeoStrata;Gneiss;Clouds;Layered Veins;Stratum Clouds;307.2;32;19.2;16;9.6;19.238;4.386;1.279;2.094;1.447;8.571;2.928;1.711;24;8;24;8;16;32;136;24;32;BFBDBC;;Overworld;normal;GeoStrata:geostrata_rock_gneiss_smooth;minecraft:stone;;Need Biome Types: Mountain\nNeed Biomes: MISSING;
GeoStrata;Peridotite;Clouds;Layered Veins;Stratum Clouds;230.4;32;14.4;16;7.2;14.428;3.798;1.249;1.949;1.396;6.429;2.535;1.592;15;9;15;9;6;24;109;27;24;617361;;Overworld;normal;GeoStrata:geostrata_rock_peridotite_smooth;minecraft:stone;;Need Biome Types: Mountain\nNeed Biomes: MISSING;
GeoStrata;Granulite;Clouds;Layered Veins;Stratum Clouds;268.8;32;16.8;16;8.4;16.833;4.103;1.265;2.026;1.423;7.5;2.739;1.655;24;8;24;8;16;32;136;24;32;AEB3AB;;Overworld;normal;GeoStrata:geostrata_rock_granulite_smooth;minecraft:stone;;Need Biome Types: Mountain\nNeed Biomes: MISSING;
GeoStrata;Migmatite;Clouds;Layered Veins;Stratum Clouds;230.4;32;14.4;16;7.2;14.428;3.798;1.249;1.949;1.396;6.429;2.535;1.592;11;5;11;5;6;16;97;15;16;92958C;;Overworld;normal;GeoStrata:geostrata_rock_migmatite_smooth;minecraft:stone;;Need Biome Types: Mountain\nNeed Biomes: MISSING;
GeoStrata;Schist;Clouds;Layered Veins;Stratum Clouds;307.2;32;19.2;16;9.6;19.238;4.386;1.279;2.094;1.447;8.571;2.928;1.711;32;16;32;16;16;48;160;48;48;4B4C52;;Overworld;normal;GeoStrata:geostrata_rock_schist_smooth;minecraft:stone;;Need Biome Types: Mountain\nNeed Biomes: MISSING;
GeoStrata;Basalt;Clouds;Layered Veins;Stratum Clouds;384;32;24;16;12;24.047;4.904;1.303;2.214;1.488;10.714;3.273;1.809;88;40;148.8;100.8;48;128;0;0;249.6;383844;;Overworld;uniform;GeoStrata:geostrata_rock_basalt_smooth;minecraft:stone;;Need Biome Types: Mountain\nNeed Biomes: MISSING;
GeoStrata;Onyx;Clouds;Layered Veins;Stratum Clouds;384;32;24;16;12;24.047;4.904;1.303;2.214;1.488;10.714;3.273;1.809;15;9;15;9;6;24;109;27;24;303030;;Overworld;normal;GeoStrata:geostrata_rock_onyx_smooth;minecraft:stone;;Need Biome Types: Mountain\nNeed Biomes: MISSING;
GeoStrata;Quartz;Clouds;Layered Veins;Stratum Clouds;192;32;12;16;6;12.023;3.467;1.230;1.862;1.365;5.357;2.315;1.521;35;29;35;29;6;64;169;87;64;C9D2D9;;Overworld;normal;GeoStrata:geostrata_rock_quartz_smooth;minecraft:stone;;Need Biome Types: Mountain\nNeed Biomes: MISSING;
GeoStrata;Marble;Clouds;Layered Veins;Stratum Clouds;384;32;24;16;12;24.047;4.904;1.303;2.214;1.488;10.714;3.273;1.809;40;24;40;24;16;64;184;72;64;B4B4BC;;Overworld;normal;GeoStrata:geostrata_rock_marble_smooth;minecraft:stone;;Need Biome Types: Mountain\nNeed Biomes: MISSING;
GeoStrata;Granite;Clouds;Layered Veins;Stratum Clouds;384;32;24;16;12;24.047;4.904;1.303;2.214;1.488;10.714;3.273;1.809;32;16;32;16;16;48;160;48;48;CA9C7F;;Overworld;normal;GeoStrata:geostrata_rock_granite_smooth;minecraft:stone;;Need Biome Types: Mountain\nNeed Biomes: MISSING;
GeoStrata;Hornfel;Clouds;Layered Veins;Stratum Clouds;307.2;32;19.2;16;9.6;19.238;4.386;1.279;2.094;1.447;8.571;2.928;1.711;35;29;35;29;6;64;169;87;64;A4A7B0;;Overworld;normal;GeoStrata:geostrata_rock_hornfel_smooth;minecraft:stone;;Need Biome Types: Mountain\nNeed Biomes: MISSING;
Pam's HarvestCraft;Salt;Veins;Sparse Veins;Strategic Clouds;75;5;30;2.5;15;28.142;5.305;none;2.303;1.518;6.122;2.474;1.573;67;61;127.8;121.8;6;128;0;0;249.6;90927C;;Overworld;uniform;harvestcraft:salt;minecraft:stone;;Need Biome Types: Mountain\nNeed Biomes: MISSING;
Immersive Engineering;Copper;Veins;Layered Veins;Strategic Clouds;32;8;8;4;4;2.004;1.416;1.060;1.190;1.091;2.612;1.616;1.271;56;16;63.6;23.6;40;72;232;48;87.2;#E78125;;Overworld;normal;immersiveengineering:ore:0;minecraft:stone;;Need Biome Types: Mountain\nNeed Biomes: MISSING;
Immersive Engineering;Bauxite;Veins;Layered Veins;Strategic Clouds;16;4;8;2;4;1.002;1.001;1.000;1.000;1.000;1.306;1.143;1.069;62.5;22.5;82.45;42.45;40;85;251.5;67.5;124.9;#C0C7CA;;Overworld;normal;immersiveengineering:ore:1;minecraft:stone;;Need Biome Types: Mountain\nNeed Biomes: MISSING;
Immersive Engineering;Lead;Veins;Layered Veins;Strategic Clouds;12;6;4;3;2;0.751;0.867;0.976;0.931;0.965;0.98;0.99;0.995;22;14;22;14;8;36;130;42;36;#636A81;;Overworld;normal;immersiveengineering:ore:2;minecraft:stone;;Need Biome Types: Mountain\nNeed Biomes: MISSING;
Immersive Engineering;Silver;Veins;Layered Veins;Strategic Clouds;16;8;4;4;2;1.002;1.001;1.000;1.000;1.000;1.306;1.143;1.069;24;16;24;16;8;40;136;48;40;#E8F6FF;;Overworld;normal;immersiveengineering:ore:3;minecraft:stone;;Need Biome Types: Mountain\nNeed Biomes: MISSING;
Immersive Engineering;Nickel;Veins;Layered Veins;Strategic Clouds;6;6;2;3;1;0.376;0.613;0.922;0.783;0.885;0.49;0.7;0.837;16;8;16;8;8;24;112;24;24;#D3D9C8;;Overworld;normal;immersiveengineering:ore:4;minecraft:stone;;Need Biome Types: Mountain\nNeed Biomes: MISSING;
IndustrialCraft 2;Copper;Veins;Layered Veins;Strategic Clouds;75;10;15;5;7.5;4.697;2.167;1.138;1.472;1.213;6.122;2.474;1.573;40;30;45.7;35.7;10;70;184;90;81.4;#C4733C;;Overworld;normal;IC2:resource:1;minecraft:stone;;Need Biome Types: Mountain\nNeed Biomes: MISSING;
IndustrialCraft 2;Tin;Veins;Layered Veins;Strategic Clouds;75;6;25;3;12.5;4.697;2.167;1.138;1.472;1.213;6.122;2.474;1.573;20;20;20;20;0;40;124;60;40;#CDCDCD;;Overworld;normal;IC2:resource:3;minecraft:stone;;Need Biome Types: Mountain\nNeed Biomes: MISSING;
IndustrialCraft 2;Uranium;Veins;Sparse Veins;Strategic Clouds;30;3;20;1.5;10;11.257;3.355;none;1.832;1.353;2.449;1.565;1.251;30;30;30;30;0;60;154;90;60;#6AC312;;Overworld;normal;IC2:resource:4;minecraft:stone;;Need Biome Types: Mountain\nNeed Biomes: MISSING;
IndustrialCraft 2;Lead;Veins;Layered Veins;Strategic Clouds;16;4;8;2;4;1.002;1.001;1.000;1.000;1.000;1.306;1.143;1.069;30;30;30;30;0;60;154;90;60;#829199;;Overworld;normal;IC2:resource:2;minecraft:stone;;Need Biome Types: Mountain\nNeed Biomes: MISSING;
MagnetiCraft;Copper;Veins;Layered Veins;Strategic Clouds;40;8;10;4;5;2.505;1.583;1.080;1.258;1.122;3.265;1.807;1.344;55;25;70.2;40.2;30;80;229;75;110.4;#986359;;Overworld;normal;Magneticraft:copper_ore;minecraft:stone;;Need Biome Types: Mountain\nNeed Biomes: MISSING;
MagnetiCraft;Tungsten;Veins;Sparse Veins;Strategic Clouds;6;6;2;3;1;2.251;1.5;none;1.225;1.107;0.49;0.7;0.837;5;5;5;5;0;10;79;15;10;#525252;;Overworld;normal;Magneticraft:tungsten_ore;minecraft:stone;;Need Biome Types: Mountain\nNeed Biomes: MISSING;
MagnetiCraft;Sulfur;Veins;Pipe Veins;Strategic Clouds;12;8;3;4;1.5;1.749;1.323;none;1.150;1.072;0.98;0.99;0.995;6;6;6;6;0;12;0;0;12;#FEE002;31FA;Overworld;normal;Magneticraft:sulfur_ore;minecraft:stone;Alternate Blocks: minecraft:lava;Need Biome Types: Mountain\nNeed Biomes: MISSING\nAlternate Blocks: minecraft:lava;
MagnetiCraft;Uranium;Veins;Sparse Veins;Strategic Clouds;4.5;3;3;1.5;1.5;1.688;1.299;none;1.140;1.068;0.367;0.606;0.779;40;40;55.2;55.2;0;80;184;120;110.4;#6F8F53;;Overworld;normal;Magneticraft:uranium_ore;minecraft:stone;;Need Biome Types: Mountain\nNeed Biomes: MISSING;
MagnetiCraft;Thorium;Veins;Small Deposits;Strategic Clouds;15;6;5;3;2.5;1.47;1.212;1.033;none;none;1.224;1.107;1.052;10;10;10;10;0;20;94;30;20;#5A483A;;Overworld;normal;Magneticraft:thorium_ore;minecraft:stone;;Need Biome Types: Mountain\nNeed Biomes: MISSING;
MagnetiCraft;Salt;Veins;Sparse Veins;Strategic Clouds;24;6;8;3;4;9.005;3.001;none;1.732;1.316;1.959;1.4;1.183;40;40;55.2;55.2;0;80;184;120;110.4;#CDD6CB;;Overworld;normal;Magneticraft:salt_ore;minecraft:stone;;Need Biome Types: Mountain\nNeed Biomes: MISSING;
MagnetiCraft;Zinc;Veins;Layered Veins;Strategic Clouds;12;6;4;3;2;0.751;0.867;0.976;0.931;0.965;0.98;0.99;0.995;40;40;55.2;55.2;0;80;184;120;110.4;#706750;;Overworld;normal;Magneticraft:zinc_ore;minecraft:stone;;Need Biome Types: Mountain\nNeed Biomes: MISSING;
MagnetiCraft;Limestone;Clouds;Layered Veins;Stratum Clouds;125;50;5;25;2.5;7.828;2.798;1.187;1.673;1.293;3.488;1.868;1.367;40;24;40;24;16;64;184;72;64;#A6B2A6;;Overworld;normal;Magneticraft:limestone;minecraft:stone;;Need Biome Types: Mountain\nNeed Biomes: MISSING;
Mariculture;Bauxite;Veins;Layered Veins;Strategic Clouds;64;8;16;4;8;4.008;2.002;1.123;1.415;1.189;5.224;2.286;1.512;96;32;156.8;92.8;64;128;0;0;249.6;#A3744B;;Overworld;uniform;Mariculture:rocks:2;minecraft:stone;;Need Biome Types: Mountain\nNeed Biomes: MISSING;
Mariculture;Copper;Veins;Layered Veins;Strategic Clouds;30;5;12;2.5;6;1.879;1.371;1.054;1.171;1.082;2.449;1.565;1.251;32.5;31.5;32.5;31.5;1;64;161.5;94.5;64;#C85432;;Overworld;normal;Mariculture:rocks:1;minecraft:stone;;Need Biome Types: Mountain\nNeed Biomes: MISSING;
Mekanism;Osmium;Veins;Layered Veins;Strategic Clouds;48;8;12;4;6;3.006;1.734;1.096;1.317;1.147;3.918;1.979;1.407;33;27;33;27;6;60;163;81;60;7CB3EE;;Overworld;normal;Mekanism:OreBlock;minecraft:stone;;Need Biome Types: Mountain\nNeed Biomes: MISSING;
Mekanism;Copper;Veins;Layered Veins;Strategic Clouds;64;8;16;4;8;4.008;2.002;1.123;1.415;1.189;5.224;2.286;1.512;33;27;33;27;6;60;163;81;60;AE4408;;Overworld;normal;Mekanism:OreBlock:1;minecraft:stone;;Need Biome Types: Mountain\nNeed Biomes: MISSING;
Mekanism;Tin;Veins;Layered Veins;Strategic Clouds;56;8;14;4;7;3.507;1.873;1.110;1.368;1.170;4.571;2.138;1.462;33;27;33;27;6;60;163;81;60;C1C8C8;;Overworld;normal;Mekanism:OreBlock:2;minecraft:stone;;Need Biome Types: Mountain\nNeed Biomes: MISSING;
Metallurgy 4;Sulfur;Veins;Sparse Veins;Strategic Clouds;8;4;4;2;2;3.002;1.733;none;1.316;1.147;0.653;0.808;0.899;67;61;127.8;121.8;6;128;0;0;249.6;FCF570;;Overworld;uniform;Metallurgy:utility.ore;minecraft:stone;;Need Biome Types: Mountain\nNeed Biomes: MISSING;
Metallurgy 4;Phosphorite;Veins;Sparse Veins;Strategic Clouds;8;4;4;2;2;3.002;1.733;none;1.316;1.147;0.653;0.808;0.899;67;61;127.8;121.8;6;128;0;0;249.6;8D6161;;Overworld;uniform;Metallurgy:utility.ore:1;minecraft:stone;;Need Biome Types: Mountain\nNeed Biomes: MISSING;
Metallurgy 4;Saltpeter;Veins;Sparse Veins;Strategic Clouds;8;4;4;2;2;3.002;1.733;none;1.316;1.147;0.653;0.808;0.899;67;61;127.8;121.8;6;128;0;0;249.6;EAEAEA;;Overworld;uniform;Metallurgy:utility.ore:2;minecraft:stone;;Need Biome Types: Mountain\nNeed Biomes: MISSING;
Metallurgy 4;Magnesium;Veins;Sparse Veins;Strategic Clouds;8;4;4;2;2;3.002;1.733;none;1.316;1.147;0.653;0.808;0.899;67;61;127.8;121.8;6;128;0;0;249.6;927C6C;;Overworld;uniform;Metallurgy:utility.ore:3;minecraft:stone;;Need Biome Types: Mountain\nNeed Biomes: MISSING;
Metallurgy 4;Bitumen;Veins;Sparse Veins;Strategic Clouds;8;4;4;2;2;3.002;1.733;none;1.316;1.147;0.653;0.808;0.899;67;61;127.8;121.8;6;128;0;0;249.6;2A2A2A;;Overworld;uniform;Metallurgy:utility.ore:4;minecraft:stone;;Need Biome Types: Mountain\nNeed Biomes: MISSING;
Metallurgy 4;Potash;Veins;Sparse Veins;Strategic Clouds;8;4;4;2;2;3.002;1.733;none;1.316;1.147;0.653;0.808;0.899;67;61;127.8;121.8;6;128;0;0;249.6;FFAA00;;Overworld;uniform;Metallurgy:utility.ore:5;minecraft:stone;;Need Biome Types: Mountain\nNeed Biomes: MISSING;
Metallurgy 4;Copper;Veins;Layered Veins;Strategic Clouds;36;6;12;3;6;2.254;1.501;1.070;1.225;1.107;2.939;1.714;1.309;67;61;127.8;121.8;6;128;0;0;249.6;EA6515;;Overworld;uniform;Metallurgy:base.ore;minecraft:stone;;Need Biome Types: Mountain\nNeed Biomes: MISSING;
Metallurgy 4;Tin;Veins;Layered Veins;Strategic Clouds;35;10;7;5;3.5;2.192;1.48;1.068;1.217;1.103;2.857;1.69;1.3;67;61;127.8;121.8;6;128;0;0;249.6;BDBDBD;;Overworld;uniform;Metallurgy:base.ore:1;minecraft:stone;;Need Biome Types: Mountain\nNeed Biomes: MISSING;
Metallurgy 4;Manganese;Veins;Layered Veins;Strategic Clouds;10;4;5;2;2.5;0.626;0.791;0.962;0.890;0.943;0.816;0.904;0.951;67;61;127.8;121.8;6;128;0;0;249.6;FCC7C7;;Overworld;uniform;Metallurgy:base.ore:2;minecraft:stone;;Need Biome Types: Mountain\nNeed Biomes: MISSING;
Metallurgy 4;Zinc;Veins;Layered Veins;Strategic Clouds;15;5;6;2.5;3;0.939;0.969;0.995;0.984;0.992;1.224;1.107;1.052;67;61;127.8;121.8;6;128;0;0;249.6;BFC55C;;Overworld;uniform;Metallurgy:precious.ore;minecraft:stone;;Need Biome Types: Mountain\nNeed Biomes: MISSING;
Metallurgy 4;Silver;Veins;Layered Veins;Strategic Clouds;15;5;6;2.5;3;0.939;0.969;0.995;0.984;0.992;1.224;1.107;1.052;67;61;127.8;121.8;6;128;0;0;249.6;E1E1E1;;Overworld;uniform;Metallurgy:precious.ore:1;minecraft:stone;;Need Biome Types: Mountain\nNeed Biomes: MISSING;
Metallurgy 4;Platinum;Veins;Layered Veins;Strategic Clouds;4.5;3;3;1.5;1.5;0.282;0.531;0.900;0.729;0.854;0.367;0.606;0.779;67;61;127.8;121.8;6;128;0;0;249.6;B8D6DB;;Overworld;uniform;Metallurgy:precious.ore:2;minecraft:stone;;Need Biome Types: Mountain\nNeed Biomes: MISSING;
Metallurgy 4;Prometheum;Veins;Layered Veins;Strategic Clouds;15;6;5;3;2.5;0.939;0.969;0.995;0.984;0.992;1.224;1.107;1.052;67;61;127.8;121.8;6;128;0;0;249.6;5D8258;;Overworld;uniform;Metallurgy:fantasy.ore;minecraft:stone;;Need Biome Types: Mountain\nNeed Biomes: MISSING;
Metallurgy 4;Deep Iron;Veins;Layered Veins;Strategic Clouds;10;4;5;2;2.5;0.626;0.791;0.962;0.890;0.943;0.816;0.904;0.951;67;61;127.8;121.8;6;128;0;0;249.6;4C5E6C;;Overworld;uniform;Metallurgy:fantasy.ore:1;minecraft:stone;;Need Biome Types: Mountain\nNeed Biomes: MISSING;
Metallurgy 4;Infuscolium;Veins;Layered Veins;Strategic Clouds;10;4;5;2;2.5;0.626;0.791;0.962;0.890;0.943;0.816;0.904;0.951;67;61;127.8;121.8;6;128;0;0;249.6;8B2656;;Overworld;uniform;Metallurgy:fantasy.ore:2;minecraft:stone;;Need Biome Types: Mountain\nNeed Biomes: MISSING;
Metallurgy 4;Oureclase;Veins;Layered Veins;Strategic Clouds;6;3;4;1.5;2;0.376;0.613;0.922;0.783;0.885;0.49;0.7;0.837;67;61;127.8;121.8;6;128;0;0;249.6;9A7607;;Overworld;uniform;Metallurgy:fantasy.ore:4;minecraft:stone;;Need Biome Types: Mountain\nNeed Biomes: MISSING;
Metallurgy 4;Astral Silver;Veins;Layered Veins;Strategic Clouds;6;3;4;1.5;2;0.376;0.613;0.922;0.783;0.885;0.49;0.7;0.837;67;61;127.8;121.8;6;128;0;0;249.6;ADC3C3;;Overworld;uniform;Metallurgy:fantasy.ore:5;minecraft:stone;;Need Biome Types: Mountain\nNeed Biomes: MISSING;
Metallurgy 4;Carmot;Veins;Layered Veins;Strategic Clouds;4.5;3;3;1.5;1.5;0.282;0.531;0.900;0.729;0.854;0.367;0.606;0.779;67;61;127.8;121.8;6;128;0;0;249.6;D7C986;;Overworld;uniform;Metallurgy:fantasy.ore:6;minecraft:stone;;Need Biome Types: Mountain\nNeed Biomes: MISSING;
Metallurgy 4;Mithril;Veins;Layered Veins;Strategic Clouds;4.5;3;3;1.5;1.5;0.282;0.531;0.900;0.729;0.854;0.367;0.606;0.779;67;61;127.8;121.8;6;128;0;0;249.6;9AF3F7;;Overworld;uniform;Metallurgy:fantasy.ore:7;minecraft:stone;;Need Biome Types: Mountain\nNeed Biomes: MISSING;
Metallurgy 4;Rubracium;Veins;Layered Veins;Strategic Clouds;3;3;2;1.5;1;0.188;0.433;0.870;0.658;0.811;0.245;0.495;0.703;67;61;127.8;121.8;6;128;0;0;249.6;A1363C;;Overworld;uniform;Metallurgy:fantasy.ore:8;minecraft:stone;;Need Biome Types: Mountain\nNeed Biomes: MISSING;
Metallurgy 4;Orichalcum;Veins;Layered Veins;Strategic Clouds;4;4;2;2;1;0.25;0.5;0.891;0.707;0.841;0.327;0.571;0.756;67;61;127.8;121.8;6;128;0;0;249.6;466432;;Overworld;uniform;Metallurgy:fantasy.ore:11;minecraft:stone;;Need Biome Types: Mountain\nNeed Biomes: MISSING;
Metallurgy 4;Adamantine;Veins;Layered Veins;Strategic Clouds;3;3;2;1.5;1;0.188;0.433;0.870;0.658;0.811;0.245;0.495;0.703;67;61;127.8;121.8;6;128;0;0;249.6;AC0C0D;;Overworld;uniform;Metallurgy:fantasy.ore:13;minecraft:stone;;Need Biome Types: Mountain\nNeed Biomes: MISSING;
Metallurgy 4;Atlarus;Veins;Layered Veins;Strategic Clouds;3;3;2;1.5;1;0.188;0.433;0.870;0.658;0.811;0.245;0.495;0.703;67;61;127.8;121.8;6;128;0;0;249.6;C4B117;;Overworld;uniform;Metallurgy:fantasy.ore:14;minecraft:stone;;Need Biome Types: Mountain\nNeed Biomes: MISSING;
Metallurgy 4;Ignatius;Veins;Layered Veins;Strategic Clouds;27;6;9;3;4.5;1.691;1.3;1.045;1.140;1.068;2.204;1.485;1.218;67;61;127.8;121.8;6;128;0;0;249.6;EE810A;;Nether;uniform;Metallurgy:nether.ore;minecraft:netherrack;;Need Biome Types: Mountain\nNeed Biomes: MISSING;
Metallurgy 4;Shadow Iron;Veins;Layered Veins;Strategic Clouds;21;6;7;3;3.5;1.315;1.147;1.023;1.071;1.035;1.714;1.309;1.144;67;61;127.8;121.8;6;128;0;0;249.6;634C3F;;Nether;uniform;Metallurgy:nether.ore:1;minecraft:netherrack;;Need Biome Types: Mountain\nNeed Biomes: MISSING;
Metallurgy 4;Lemurite;Veins;Layered Veins;Strategic Clouds;18;6;6;3;3;1.127;1.062;1.010;1.030;1.015;1.469;1.212;1.101;67;61;127.8;121.8;6;128;0;0;249.6;B1B1B4;;Nether;uniform;Metallurgy:nether.ore:2;minecraft:netherrack;;Need Biome Types: Mountain\nNeed Biomes: MISSING;
Metallurgy 4;Midasium;Veins;Layered Veins;Strategic Clouds;15;6;5;3;2.5;0.939;0.969;0.995;0.984;0.992;1.224;1.107;1.052;67;61;127.8;121.8;6;128;0;0;249.6;F6B237;;Nether;uniform;Metallurgy:nether.ore:3;minecraft:netherrack;;Need Biome Types: Mountain\nNeed Biomes: MISSING;
Metallurgy 4;Vyroxeres;Veins;Layered Veins;Strategic Clouds;14;7;4;3.5;2;0.877;0.936;0.989;0.968;0.984;1.143;1.069;1.034;67;61;127.8;121.8;6;128;0;0;249.6;57D411;;Nether;uniform;Metallurgy:nether.ore:4;minecraft:netherrack;;Need Biome Types: Mountain\nNeed Biomes: MISSING;
Metallurgy 4;Ceruclase;Veins;Layered Veins;Strategic Clouds;8;4;4;2;2;0.501;0.708;0.944;0.841;0.917;0.653;0.808;0.899;67;61;127.8;121.8;6;128;0;0;249.6;3F869C;;Nether;uniform;Metallurgy:nether.ore:5;minecraft:netherrack;;Need Biome Types: Mountain\nNeed Biomes: MISSING;
Metallurgy 4;Alduorite;Veins;Layered Veins;Strategic Clouds;6;4;3;2;1.5;0.376;0.613;0.922;0.783;0.885;0.49;0.7;0.837;67;61;127.8;121.8;6;128;0;0;249.6;9FCED2;;Nether;uniform;Metallurgy:nether.ore:6;minecraft:netherrack;;Need Biome Types: Mountain\nNeed Biomes: MISSING;
Metallurgy 4;Kalendrite;Veins;Layered Veins;Strategic Clouds;6;4;3;2;1.5;0.376;0.613;0.922;0.783;0.885;0.49;0.7;0.837;67;61;127.8;121.8;6;128;0;0;249.6;AB6AB9;;Nether;uniform;Metallurgy:nether.ore:7;minecraft:netherrack;;Need Biome Types: Mountain\nNeed Biomes: MISSING;
Metallurgy 4;Vulcanite;Veins;Layered Veins;Strategic Clouds;3;3;2;1.5;1;0.188;0.433;0.870;0.658;0.811;0.245;0.495;0.703;67;61;127.8;121.8;6;128;0;0;249.6;E66922;;Nether;uniform;Metallurgy:nether.ore:8;minecraft:netherrack;;Need Biome Types: Mountain\nNeed Biomes: MISSING;
Metallurgy 4;Sanguinite;Veins;Layered Veins;Strategic Clouds;3;3;2;1.5;1;0.188;0.433;0.870;0.658;0.811;0.245;0.495;0.703;67;61;127.8;121.8;6;128;0;0;249.6;C30506;;Nether;uniform;Metallurgy:nether.ore:9;minecraft:netherrack;;Need Biome Types: Mountain\nNeed Biomes: MISSING;
Metallurgy 4;Eximite;Veins;Layered Veins;Strategic Clouds;12;4;6;2;3;0.751;0.867;0.976;0.931;0.965;0.98;0.99;0.995;35;29;35;29;6;64;0;0;64;7B5994;;End;uniform;Metallurgy:ender.ore;minecraft:end_stone;;Need Biome Types: Mountain\nNeed Biomes: MISSING;Height range was larger, but the End's surface level is 64; anything above that would be wasted.
Metallurgy 4;Meutoite;Veins;Layered Veins;Strategic Clouds;4.5;3;3;1.5;1.5;0.282;0.531;0.900;0.729;0.854;0.367;0.606;0.779;35;29;35;29;6;64;0;0;64;5E5168;;End;uniform;Metallurgy:ender.ore:1;minecraft:end_stone;;Need Biome Types: Mountain\nNeed Biomes: MISSING;Height range was larger, but the End's surface level is 64; anything above that would be wasted.
Mimicry;Mimichite;Veins;Sparse Veins;Strategic Clouds;16;4;8;2;4;6.004;2.45;none;1.565;1.251;1.306;1.143;1.069;30;30;30;30;0;60;154;90;60;8800FF;;Overworld;normal;Mimicry:Sparr_Mimichite Ore;minecraft:stone;;Need Biome Types: Mountain\nNeed Biomes: MISSING;
Mimicry;Nether Mimichite;Veins;Sparse Veins;Strategic Clouds;32;4;16;2;8;12.007;3.465;none;1.861;1.364;2.612;1.616;1.271;64;64;124.8;124.8;0;128;0;0;249.6;8800FF;;Nether;uniform;Mimicry:Sparr_Mimichite Ore:1;minecraft:netherrack;;Need Biome Types: Mountain\nNeed Biomes: MISSING;
Mimicry;End Mimichite;Veins;Sparse Veins;Strategic Clouds;64;4;32;2;16;24.014;4.9;none;2.214;1.488;5.224;2.286;1.512;32;32;32;32;0;64;0;0;64;8800FF;;End;uniform;Mimicry:Sparr_Mimichite Ore:2;minecraft:end_stone;;Need Biome Types: Mountain\nNeed Biomes: MISSING;Height range was larger, but the End's surface level is 64; anything above that would be wasted.
MineChem;Uranium;Veins;Layered Veins;Strategic Clouds;4;4;2;2;1;0.25;0.5;0.891;0.707;0.841;0.327;0.571;0.756;17.5;12.5;17.5;12.5;5;30;116.5;37.5;30;ACFE91;38D0;Overworld;normal;minechem:tile.oreUranium;minecraft:stone;;Need Biome Types: Mountain\nNeed Biomes: MISSING;
Minecraft Comes Alive!;Rose Gold;Veins;Layered Veins;Strategic Clouds;15;6;5;3;2.5;0.939;0.969;0.995;0.984;0.992;1.224;1.107;1.052;26;14;26;14;12;40;142;42;40;FFDDA2;;Overworld;normal;MCA:tile.roseGoldOre;minecraft:stone;;Need Biome Types: Mountain\nNeed Biomes: MISSING;
Nether Ores;Coal;Veins;Sparse Veins;Strategic Clouds;64;16;8;8;4;24.014;4.9;none;2.214;1.488;5.224;2.286;1.512;64.5;63.5;125.3;124.3;1;128;0;0;249.6;2D2D2D;;Nether;uniform;NetherOres:tile.netherores.ore.0;minecraft:netherrack;;Need Biome Types: Mountain\nNeed Biomes: MISSING;
Nether Ores;Diamond;Veins;Pipe Veins;Strategic Clouds;6;3;4;1.5;2;0.875;0.935;none;0.967;0.983;0.49;0.7;0.837;64.5;63.5;125.3;124.3;1;128;0;0;249.6;8BF4E3;AA9C;Nether;uniform;NetherOres:tile.netherores.ore.0:1;minecraft:netherrack;;Need Biome Types: Mountain\nNeed Biomes: MISSING;
Nether Ores;Gold;Veins;Layered Veins;Strategic Clouds;24;6;8;3;4;1.503;1.226;1.035;1.107;1.052;1.959;1.4;1.183;64.5;63.5;125.3;124.3;1;128;0;0;249.6;EAEF57;;Nether;uniform;NetherOres:tile.netherores.ore.0:2;minecraft:netherrack;;Need Biome Types: Mountain\nNeed Biomes: MISSING;
Nether Ores;Iron;Veins;Layered Veins;Strategic Clouds;32;8;8;4;4;2.004;1.416;1.060;1.190;1.091;2.612;1.616;1.271;64.5;63.5;125.3;124.3;1;128;0;0;249.6;DDC2AF;;Nether;uniform;NetherOres:tile.netherores.ore.0:3;minecraft:netherrack;;Need Biome Types: Mountain\nNeed Biomes: MISSING;
Nether Ores;Lapis Lazuli;Veins;Vertical Veins;Strategic Clouds;18;6;6;3;3;3.72;1.929;none;default;1.389;1.469;1.212;1.101;64.5;63.5;125.3;124.3;1;128;0;0;249.6;1442BA;;Nether;uniform;NetherOres:tile.netherores.ore.0:4;minecraft:netherrack;Vein Branch Inclination: -_default_, -_default_, normal, base;Need Biome Types: Mountain\nNeed Biomes: MISSING\nVein Branch Inclination: -_default_, -_default_, normal, base;
Nether Ores;Redstone;Veins;Vertical Veins;Strategic Clouds;24;8;6;4;3;4.96;2.227;none;default;1.492;1.959;1.4;1.183;64.5;63.5;125.3;124.3;1;128;0;0;249.6;A80002;;Nether;uniform;NetherOres:tile.netherores.ore.0:5;minecraft:netherrack;Vein Branch Inclination: -_default_, -_default_, normal, base;Need Biome Types: Mountain\nNeed Biomes: MISSING\nVein Branch Inclination: -_default_, -_default_, normal, base;
Nether Ores;Copper;Veins;Layered Veins;Strategic Clouds;32;8;8;4;4;2.004;1.416;1.060;1.190;1.091;2.612;1.616;1.271;64.5;63.5;125.3;124.3;1;128;0;0;249.6;FF8E2B;;Nether;uniform;NetherOres:tile.netherores.ore.0:6;minecraft:netherrack;;Need Biome Types: Mountain\nNeed Biomes: MISSING;
Nether Ores;Tin;Veins;Layered Veins;Strategic Clouds;32;8;8;4;4;2.004;1.416;1.060;1.190;1.091;2.612;1.616;1.271;64.5;63.5;125.3;124.3;1;128;0;0;249.6;E8E8E8;;Nether;uniform;NetherOres:tile.netherores.ore.0:7;minecraft:netherrack;;Need Biome Types: Mountain\nNeed Biomes: MISSING;
Nether Ores;Emerald;Veins;Pipe Veins;Strategic Clouds;3;2;3;1;1.5;0.437;0.661;none;0.813;0.902;0.245;0.495;0.703;64.5;63.5;125.3;124.3;1;128;0;0;249.6;6CE391;907F;Nether;uniform;NetherOres:tile.netherores.ore.0:8;minecraft:netherrack;;Need Biome Types: Mountain\nNeed Biomes: MISSING;
Nether Ores;Silver;Veins;Layered Veins;Strategic Clouds;12;4;6;2;3;0.751;0.867;0.976;0.931;0.965;0.98;0.99;0.995;64.5;63.5;125.3;124.3;1;128;0;0;249.6;E3F2F7;;Nether;uniform;NetherOres:tile.netherores.ore.0:9;minecraft:netherrack;;Need Biome Types: Mountain\nNeed Biomes: MISSING;
Nether Ores;Lead;Veins;Layered Veins;Strategic Clouds;18;6;6;3;3;1.127;1.062;1.010;1.030;1.015;1.469;1.212;1.101;64.5;63.5;125.3;124.3;1;128;0;0;249.6;818EBE;;Nether;uniform;NetherOres:tile.netherores.ore.0:10;minecraft:netherrack;;Need Biome Types: Mountain\nNeed Biomes: MISSING;
Nether Ores;Uranium;Veins;Sparse Veins;Strategic Clouds;3;2;3;1;1.5;1.126;1.061;none;1.030;1.015;0.245;0.495;0.703;64.5;63.5;125.3;124.3;1;128;0;0;249.6;ACFE91;;Nether;uniform;NetherOres:tile.netherores.ore.0:11;minecraft:netherrack;;Need Biome Types: Mountain\nNeed Biomes: MISSING;
Nether Ores;Nikolite;Veins;Vertical Veins;Strategic Clouds;16;4;8;2;4;3.307;1.818;none;default;1.349;1.306;1.143;1.069;64.5;63.5;125.3;124.3;1;128;0;0;249.6;01FFFC;;Nether;uniform;NetherOres:tile.netherores.ore.0:12;minecraft:netherrack;Vein Branch Inclination: -_default_, -_default_, normal, base;Need Biome Types: Mountain\nNeed Biomes: MISSING\nVein Branch Inclination: -_default_, -_default_, normal, base;
Nether Ores;Ruby;Veins;Pipe Veins;Strategic Clouds;9;3;6;1.5;3;1.312;1.145;none;1.070;1.035;0.735;0.857;0.926;64.5;63.5;125.3;124.3;1;128;0;0;249.6;D10415;D0DC;Nether;uniform;NetherOres:tile.netherores.ore.0:13;minecraft:netherrack;Alternate Blocks: minecraft:lava;Need Biome Types: Mountain\nNeed Biomes: MISSING\nAlternate Blocks: minecraft:lava;
Nether Ores;Peridot;Veins;Pipe Veins;Strategic Clouds;9;3;6;1.5;3;1.312;1.145;none;1.070;1.035;0.735;0.857;0.926;64.5;63.5;125.3;124.3;1;128;0;0;249.6;54A228;6CA7;Nether;uniform;NetherOres:tile.netherores.ore.0:14;minecraft:netherrack;Alternate Blocks: minecraft:lava;Need Biome Types: Mountain\nNeed Biomes: MISSING\nAlternate Blocks: minecraft:lava;
Nether Ores;Sapphire;Veins;Pipe Veins;Strategic Clouds;9;3;6;1.5;3;1.312;1.145;none;1.070;1.035;0.735;0.857;0.926;64.5;63.5;125.3;124.3;1;128;0;0;249.6;554DB4;83DD;Nether;uniform;NetherOres:tile.netherores.ore.0:15;minecraft:netherrack;Alternate Blocks: minecraft:lava;Need Biome Types: Mountain\nNeed Biomes: MISSING\nAlternate Blocks: minecraft:lava;
Nether Ores;Platinum;Veins;Layered Veins;Strategic Clouds;1.5;3;1;1.5;0.5;0.094;0.306;0.821;0.554;0.744;0.122;0.35;0.592;64.5;63.5;125.3;124.3;1;128;0;0;249.6;72A0D2;;Nether;uniform;NetherOres:tile.netherores.ore.1;minecraft:netherrack;;Need Biome Types: Mountain\nNeed Biomes: MISSING;
Nether Ores;Nickel;Veins;Layered Veins;Strategic Clouds;12;6;4;3;2;0.751;0.867;0.976;0.931;0.965;0.98;0.99;0.995;64.5;63.5;125.3;124.3;1;128;0;0;249.6;DDD396;;Nether;uniform;NetherOres:tile.netherores.ore.1:1;minecraft:netherrack;;Need Biome Types: Mountain\nNeed Biomes: MISSING;
Nether Ores;Steel;Veins;Layered Veins;Strategic Clouds;6;4;3;2;1.5;0.376;0.613;0.922;0.783;0.885;0.49;0.7;0.837;64.5;63.5;125.3;124.3;1;128;0;0;249.6;E89D97;;Nether;uniform;NetherOres:tile.netherores.ore.1:2;minecraft:netherrack;;Need Biome Types: Mountain\nNeed Biomes: MISSING;
Nether Ores;Iridium;Veins;Small Deposits;Strategic Clouds;1;2;1;1;0.5;0.098;0.313;0.824;none;none;0.082;0.286;0.535;64.5;63.5;125.3;124.3;1;128;0;0;249.6;CECECE;;Nether;uniform;NetherOres:tile.netherores.ore.1:3;minecraft:netherrack;;Need Biome Types: Mountain\nNeed Biomes: MISSING;
Nether Ores;Osmium;Veins;Layered Veins;Strategic Clouds;28;7;8;3.5;4;1.753;1.324;1.048;1.151;1.073;2.286;1.512;1.23;64.5;63.5;125.3;124.3;1;128;0;0;249.6;43638A;;Nether;uniform;NetherOres:tile.netherores.ore.1:4;minecraft:netherrack;;Need Biome Types: Mountain\nNeed Biomes: MISSING;
Nether Ores;Sulfur;Veins;Pipe Veins;Strategic Clouds;72;12;12;6;6;10.496;3.24;none;1.800;1.342;5.878;2.424;1.557;64.5;63.5;125.3;124.3;1;128;0;0;249.6;FDFD11;CB5E;Nether;uniform;NetherOres:tile.netherores.ore.1:5;minecraft:netherrack;Alternate Blocks: minecraft:lava;Need Biome Types: Mountain\nNeed Biomes: MISSING\nAlternate Blocks: minecraft:lava;
Nether Ores;Titanium;Veins;Layered Veins;Strategic Clouds;3;2;3;1;1.5;0.188;0.433;0.870;0.658;0.811;0.245;0.495;0.703;64.5;63.5;125.3;124.3;1;128;0;0;249.6;686868;;Nether;uniform;NetherOres:tile.netherores.ore.1:6;minecraft:netherrack;;Need Biome Types: Mountain\nNeed Biomes: MISSING;
Nether Ores;Mithril;Veins;Layered Veins;Strategic Clouds;18;6;6;3;3;1.127;1.062;1.010;1.030;1.015;1.469;1.212;1.101;64.5;63.5;125.3;124.3;1;128;0;0;249.6;75E0F6;;Nether;uniform;NetherOres:tile.netherores.ore.1:7;minecraft:netherrack;;Need Biome Types: Mountain\nNeed Biomes: MISSING;
Nether Ores;Adamantium;Veins;Layered Veins;Strategic Clouds;10;4;5;2;2.5;0.626;0.791;0.962;0.890;0.943;0.816;0.904;0.951;64.5;63.5;125.3;124.3;1;128;0;0;249.6;9CA6B0;;Nether;uniform;NetherOres:tile.netherores.ore.1:8;minecraft:netherrack;;Need Biome Types: Mountain\nNeed Biomes: MISSING;
Nether Ores;Rutile;Veins;Layered Veins;Strategic Clouds;6;4;3;2;1.5;0.376;0.613;0.922;0.783;0.885;0.49;0.7;0.837;64.5;63.5;125.3;124.3;1;128;0;0;249.6;D2C7A9;;Nether;uniform;NetherOres:tile.netherores.ore.1:9;minecraft:netherrack;;Need Biome Types: Mountain\nNeed Biomes: MISSING;
Nether Ores;Tungsten;Veins;Layered Veins;Strategic Clouds;32;8;8;4;4;2.004;1.416;1.060;1.190;1.091;2.612;1.616;1.271;64.5;63.5;125.3;124.3;1;128;0;0;249.6;212121;;Nether;uniform;NetherOres:tile.netherores.ore.1:10;minecraft:netherrack;;Need Biome Types: Mountain\nNeed Biomes: MISSING;
Nether Ores;Amber;Veins;Sparse Veins;Strategic Clouds;15;6;5;3;2.5;5.628;2.372;none;1.540;1.241;1.224;1.107;1.052;64.5;63.5;125.3;124.3;1;128;0;0;249.6;FEA219;;Nether;uniform;NetherOres:tile.netherores.ore.1:11;minecraft:netherrack;;Need Biome Types: Mountain\nNeed Biomes: MISSING;
Nether Ores;Tennantite;Veins;Layered Veins;Strategic Clouds;32;8;8;4;4;2.004;1.416;1.060;1.190;1.091;2.612;1.616;1.271;64.5;63.5;125.3;124.3;1;128;0;0;249.6;9EE2B1;;Nether;uniform;NetherOres:tile.netherores.ore.1:12;minecraft:netherrack;;Need Biome Types: Mountain\nNeed Biomes: MISSING;
Nether Ores;Salt;Veins;Sparse Veins;Strategic Clouds;12.5;5;5;2.5;2.5;4.69;2.166;none;1.472;1.213;1.02;1.01;1.005;64.5;63.5;125.3;124.3;1;128;0;0;249.6;FFFFFF;;Nether;uniform;NetherOres:tile.netherores.ore.1:13;minecraft:netherrack;;Need Biome Types: Mountain\nNeed Biomes: MISSING;
Nether Ores;Saltpeter;Veins;Sparse Veins;Strategic Clouds;12;4;6;2;3;4.503;2.122;none;1.457;1.207;0.98;0.99;0.995;64.5;63.5;125.3;124.3;1;128;0;0;249.6;F4F6F9;;Nether;uniform;NetherOres:tile.netherores.ore.1:14;minecraft:netherrack;;Need Biome Types: Mountain\nNeed Biomes: MISSING;
Nether Ores;Magnesium;Veins;Sparse Veins;Strategic Clouds;10;5;4;2.5;2;3.752;1.937;none;1.392;1.180;0.816;0.904;0.951;64.5;63.5;125.3;124.3;1;128;0;0;249.6;827066;;Nether;uniform;NetherOres:tile.netherores.ore.1:15;minecraft:netherrack;;Need Biome Types: Mountain\nNeed Biomes: MISSING;
Netherrocks;Fyrite;Veins;Layered Veins;Strategic Clouds;30;6;10;3;5;1.879;1.371;1.054;1.171;1.082;2.449;1.565;1.251;128;128;310.4;310.4;0;256;0;0;620.8;BF0000;;Nether;uniform;netherrocks:fyrite_ore;minecraft:netherrack;;Need Biome Types: Mountain\nNeed Biomes: MISSING;
Netherrocks;Malachite;Veins;Layered Veins;Strategic Clouds;35;7;10;3.5;5;2.192;1.48;1.068;1.217;1.103;2.857;1.69;1.3;128;128;310.4;310.4;0;256;0;0;620.8;046652;;Nether;uniform;netherrocks:malachite_ore;minecraft:netherrack;;Need Biome Types: Mountain\nNeed Biomes: MISSING;
Netherrocks;AshStone;Veins;Layered Veins;Strategic Clouds;25;5;10;2.5;5;1.566;1.251;1.038;1.119;1.058;2.041;1.429;1.195;128;128;310.4;310.4;0;256;0;0;620.8;3F3F60;;Nether;uniform;netherrocks:ashstone_ore;minecraft:netherrack;;Need Biome Types: Mountain\nNeed Biomes: MISSING;
Netherrocks;Illumenite;Veins;Sparse Veins;Strategic Clouds;2625;15;350;7.5;175;984.958;31.384;none;5.602;2.367;214.286;14.639;3.826;128;128;310.4;310.4;0;256;0;0;620.8;FCFEB0;;Nether;uniform;netherrocks:illumenite_ore;minecraft:glowstone;;Need Biome Types: Mountain\nNeed Biomes: MISSING;Illumenite is specially handled.  DO NOT USE THIS CONFIG.
Netherrocks;Dragonstone;Veins;Layered Veins;Strategic Clouds;15;5;6;2.5;3;0.939;0.969;0.995;0.984;0.992;1.224;1.107;1.052;128;128;310.4;310.4;0;256;0;0;620.8;0F0035;;Nether;uniform;netherrocks:dragonstone_ore;minecraft:netherrack;;Need Biome Types: Mountain\nNeed Biomes: MISSING;
Netherrocks;Argonite;Veins;Layered Veins;Strategic Clouds;30;6;10;3;5;1.879;1.371;1.054;1.171;1.082;2.449;1.565;1.251;128;128;310.4;310.4;0;256;0;0;620.8;0F0035;;Nether;uniform;netherrocks:argonite_ore;minecraft:netherrack;;Need Biome Types: Mountain\nNeed Biomes: MISSING;
Nuclearcraft;Uranium;Veins;Sparse Veins;Strategic Clouds;10;5;4;2.5;2;3.752;1.937;none;1.392;1.180;0.816;0.904;0.951;20;20;20;20;0;40;124;60;40;#3B402D;;Overworld;normal;NuclearCraft:blockOre:4;minecraft:stone;;Need Biome Types: Mountain\nNeed Biomes: MISSING;
Nuclearcraft;Copper;Veins;Layered Veins;Strategic Clouds;28;8;7;4;3.5;1.753;1.324;1.048;1.151;1.073;2.286;1.512;1.23;30;30;30;30;0;60;154;90;60;#72655A;;Overworld;normal;NuclearCraft:blockOre;minecraft:stone;;Need Biome Types: Mountain\nNeed Biomes: MISSING;
Nuclearcraft;Tin;Veins;Layered Veins;Strategic Clouds;24;8;6;4;3;1.503;1.226;1.035;1.107;1.052;1.959;1.4;1.183;30;30;30;30;0;60;154;90;60;#C3C3D1;;Overworld;normal;NuclearCraft:blockOre:1;minecraft:stone;;Need Biome Types: Mountain\nNeed Biomes: MISSING;
Nuclearcraft;Lead;Veins;Layered Veins;Strategic Clouds;15;5;6;2.5;3;0.939;0.969;0.995;0.984;0.992;1.224;1.107;1.052;20;20;20;20;0;40;124;60;40;#636B68;;Overworld;normal;NuclearCraft:blockOre:2;minecraft:stone;;Need Biome Types: Mountain\nNeed Biomes: MISSING;
Nuclearcraft;Silver;Veins;Layered Veins;Strategic Clouds;12.5;5;5;2.5;2.5;0.783;0.885;0.980;0.941;0.970;1.02;1.01;1.005;20;20;20;20;0;40;124;60;40;#E2E2E2;;Overworld;normal;NuclearCraft:blockOre:3;minecraft:stone;;Need Biome Types: Mountain\nNeed Biomes: MISSING;
Nuclearcraft;Plutonium;Veins;Sparse Veins;Strategic Clouds;7.5;5;3;2.5;1.5;2.814;1.678;none;1.295;1.138;0.612;0.782;0.885;64;64;124.8;124.8;0;128;0;0;249.6;#A68F8F;;Nether;uniform;NuclearCraft:blockOre:6;minecraft:netherrack;;Need Biome Types: Mountain\nNeed Biomes: MISSING;
Nuclearcraft;Lithium;Veins;Sparse Veins;Strategic Clouds;6;4;3;2;1.5;2.251;1.5;none;1.225;1.107;0.49;0.7;0.837;12.5;12.5;12.5;12.5;0;25;101.5;37.5;25;#B6B6B6;;Overworld;normal;NuclearCraft:blockOre:7;minecraft:stone;;Need Biome Types: Mountain\nNeed Biomes: MISSING;
Nuclearcraft;Boron;Veins;Sparse Veins;Strategic Clouds;6;4;3;2;1.5;2.251;1.5;none;1.225;1.107;0.49;0.7;0.837;10;10;10;10;0;20;94;30;20;#5C5C5C;;Overworld;normal;NuclearCraft:blockOre:8;minecraft:stone;;Need Biome Types: Mountain\nNeed Biomes: MISSING;
Nuclearcraft;Thorium;Veins;Sparse Veins;Strategic Clouds;10;5;4;2.5;2;3.752;1.937;none;1.392;1.180;0.816;0.904;0.951;20;20;20;20;0;40;124;60;40;#646464;;Overworld;normal;NuclearCraft:blockOre:5;minecraft:stone;;Need Biome Types: Mountain\nNeed Biomes: MISSING;
Project: Red;Ruby;Veins;Pipe Veins;Strategic Clouds;0.5;1;1;0.5;0.5;0.073;0.27;none;0.520;0.721;0.041;0.202;0.449;16;4;16;4;12;20;0;0;20;900113;E23A;Overworld;normal;ProjRed|Exploration:projectred.exploration.ore;minecraft:stone;;Need Biome Types: Mountain\nNeed Biomes: MISSING;
Project: Red;Sapphire;Veins;Pipe Veins;Strategic Clouds;0.5;1;1;0.5;0.5;0.073;0.27;none;0.520;0.721;0.041;0.202;0.449;16;4;16;4;12;20;0;0;20;0011C8;5196;Overworld;normal;ProjRed|Exploration:projectred.exploration.ore:1;minecraft:stone;;Need Biome Types: Mountain\nNeed Biomes: MISSING;
Project: Red;Peridot;Veins;Pipe Veins;Strategic Clouds;0.5;1;1;0.5;0.5;0.073;0.27;none;0.520;0.721;0.041;0.202;0.449;22;6;22;6;16;28;0;0;28;057529;8759;Overworld;normal;ProjRed|Exploration:projectred.exploration.ore:2;minecraft:stone;;Need Biome Types: Mountain\nNeed Biomes: MISSING;
Project: Red;Copper;Veins;Layered Veins;Strategic Clouds;32;8;8;4;4;2.004;1.416;1.060;1.190;1.091;2.612;1.616;1.271;35;29;35;29;6;64;169;87;64;FF8E2B;;Overworld;normal;ProjRed|Exploration:projectred.exploration.ore:3;minecraft:stone;;Need Biome Types: Mountain\nNeed Biomes: MISSING;
Project: Red;Tin;Veins;Layered Veins;Strategic Clouds;20;8;5;4;2.5;1.252;1.119;1.019;1.058;1.029;1.633;1.278;1.13;27;21;27;21;6;48;145;63;48;E8E8E8;;Overworld;normal;ProjRed|Exploration:projectred.exploration.ore:4;minecraft:stone;;Need Biome Types: Mountain\nNeed Biomes: MISSING;
Project: Red;Silver;Veins;Layered Veins;Strategic Clouds;2;4;1;2;0.5;0.125;0.354;0.841;0.595;0.771;0.163;0.404;0.636;19;13;19;13;6;32;121;39;32;E3F2F7;;Overworld;normal;ProjRed|Exploration:projectred.exploration.ore:5;minecraft:stone;;Need Biome Types: Mountain\nNeed Biomes: MISSING;
Project: Red;Electrotine;Veins;Vertical Veins;Strategic Clouds;8;8;2;4;1;1.653;1.286;none;default;1.134;0.653;0.808;0.899;11;5;11;5;6;16;97;15;16;01FFFC;;Overworld;normal;ProjRed|Exploration:projectred.exploration.ore:6;minecraft:stone;;Need Biome Types: Mountain\nNeed Biomes: MISSING;
Project: Red;Marble;Clouds;Layered Veins;Stratum Clouds;8;16;1;8;0.5;0.501;0.708;0.944;0.841;0.917;0.223;0.472;0.687;48;16;48;16;32;64;208;48;64;FFFFFF;;Overworld;normal;ProjRed|Exploration:projectred.exploration.stone;minecraft:stone;;Need Biome Types: Mountain\nNeed Biomes: MISSING;
Railcraft;Poor Iron;Veins;Sparse Veins;Strategic Clouds;256;16;32;8;16;96.057;9.801;none;3.131;1.769;20.898;4.571;2.138;40;4;40;4;36;44;184;12;44;DDC2AF;;Overworld;normal;railcraft:ore:7;minecraft:stone;;Need Biome Types: Mountain\nNeed Biomes: MISSING;
Railcraft;Poor Gold;Veins;Sparse Veins;Strategic Clouds;16;1;32;0.5;16;6.004;2.45;none;1.565;1.251;1.306;1.143;1.069;15;1;15;1;14;16;109;3;16;EAEF57;;Overworld;normal;railcraft:ore:8;minecraft:stone;;Need Biome Types: Mountain\nNeed Biomes: MISSING;
Railcraft;Poor Copper;Veins;Sparse Veins;Strategic Clouds;128;8;32;4;16;48.028;6.93;none;2.633;1.623;10.449;3.232;1.798;60;3;60;3;57;63;244;9;63;FF8E2B;;Overworld;normal;railcraft:ore:9;minecraft:stone;;Need Biome Types: Mountain\nNeed Biomes: MISSING;
Railcraft;Poor Tin;Veins;Sparse Veins;Strategic Clouds;32;2;32;1;16;12.007;3.465;none;1.861;1.364;2.612;1.616;1.271;50;2;50;2;48;52;214;6;52;E8E8E8;;Overworld;normal;railcraft:ore:10;minecraft:stone;;Need Biome Types: Mountain\nNeed Biomes: MISSING;
Railcraft;Poor Lead;Veins;Sparse Veins;Strategic Clouds;96;6;32;3;16;36.021;6.002;none;2.450;1.565;7.837;2.799;1.673;30;3;30;3;27;33;154;9;33;818EBE;;Overworld;normal;railcraft:ore:11;minecraft:stone;;Need Biome Types: Mountain\nNeed Biomes: MISSING;
Railcraft;Sulfur;Veins;Pipe Veins;Strategic Clouds;20;10;4;5;2;2.915;1.707;none;1.307;1.143;1.633;1.278;1.13;11;5;11;5;6;16;0;0;16;FFE25C;EE54;Overworld;normal;railcraft:ore;minecraft:stone;Alternate Blocks: minecraft:lava;Need Biome Types: Mountain\nNeed Biomes: MISSING\nAlternate Blocks: minecraft:lava;
Railcraft;Saltpeter;Veins;Sparse Veins;Strategic Clouds;32;1;64;0.5;32;12.007;3.465;none;1.861;1.364;2.612;1.616;1.271;64;5;68.75;9.75;59;69;0;0;78.5;CED0BA;;Overworld;normal;railcraft:ore:1;minecraft:sand, minecraft:sandstone;Need Biomes: MISSING\nNeed Biome Types: Sandy\nBiome Rainfall Range: 0, 0.1\nBiome Temperature Range: 1.5, 2.0;Need Biomes: MISSING\nNeed Biome Types: Mountain\nBiome Rainfall Range: 0, 0.1\nBiome Temperature Range: 1.5, 2.0;
Railcraft;Firestone;Veins;Small Deposits;Strategic Clouds;0.125;1;0.25;0.5;0.125;0.012;0.111;0.693;none;none;0.01;0.101;0.318;16;15;16;15;1;31;0;0;31;C64E0D;;Nether;uniform;railcraft:ore:5;minecraft:netherrack;Place Below: minecraft:lava;Need Biome Types: Mountain\nNeed Biomes: MISSING\nPlace Below: minecraft:lava;Must be under a lava block.
Railcraft;Abyssal Geode;Veins;Geode;Strategic Clouds;0.5;1;1;0.5;0.5;0.188;0.433;0.870;none;none;0.041;0.202;0.449;30;10;30;10;20;40;154;30;40;000000;9668;Overworld;normal;railcraft:ore:2, railcraft:ore:3, railcraft:ore:4;minecraft:stone, minecraft:dirt, minecraft:gravel, minecraft:water, minecraft:air;;Need Biome Types: Mountain\nNeed Biomes: MISSING;Abyssal Geodes are specially handled.  DO NOT USE THIS CONFIG.
ReactorCraft;Pitchblende;Veins;Sparse Veins;Strategic Clouds;24;16;3;8;1.5;9.005;3.001;none;1.732;1.316;1.959;1.4;1.183;16;8;16;8;8;24;0;0;24;454454;;Overworld;normal;ReactorCraft:reactorcraft_block_ore:1;minecraft:stone;Need Biome Types: Mushroom, Ocean, River\nNeed Biomes: MISSING;Need Biome Types: Mountain\nNeed Biomes: MISSING;
ReactorCraft;Cadmium;Veins;Layered Veins;Strategic Clouds;13.5;9;3;4.5;1.5;0.845;0.919;0.986;0.959;0.979;1.102;1.05;1.025;22;10;22;10;12;32;130;30;32;7184A4;;Overworld;normal;ReactorCraft:reactorcraft_block_ore:2;minecraft:stone;;Need Biome Types: Mountain\nNeed Biomes: MISSING;
ReactorCraft;Indium;Veins;Layered Veins;Strategic Clouds;7;7;2;3.5;1;0.438;0.662;0.934;0.814;0.902;0.571;0.756;0.869;11;5;11;5;6;16;97;15;16;7A7C89;;Overworld;normal;ReactorCraft:reactorcraft_block_ore:3;minecraft:stone;;Need Biome Types: Mountain\nNeed Biomes: MISSING;
ReactorCraft;Silver;Veins;Layered Veins;Strategic Clouds;9;9;2;4.5;1;0.564;0.751;0.953;0.866;0.931;0.735;0.857;0.926;28;12;28;12;16;40;148;36;40;E3F2F7;;Overworld;normal;ReactorCraft:reactorcraft_block_ore:4;minecraft:stone;;Need Biome Types: Mountain\nNeed Biomes: MISSING;
ReactorCraft;End Pitchblende;Veins;Sparse Veins;Strategic Clouds;48;16;6;8;3;18.011;4.244;none;2.060;1.435;3.918;1.979;1.407;34.5;29.5;34.5;29.5;5;64;0;0;64;454454;;End;uniform;ReactorCraft:reactorcraft_block_ore:5;minecraft:end_stone;;Need Biome Types: Mountain\nNeed Biomes: MISSING;
ReactorCraft;Ammonium Chloride;Veins;Sparse Veins;Strategic Clouds;24;8;6;4;3;9.005;3.001;none;1.732;1.316;1.959;1.4;1.183;32;0;32;0;32;32;0;0;32;FFFFFF;;Nether;uniform;ReactorCraft:reactorcraft_block_ore:6;minecraft:netherrack;;Need Biome Types: Mountain\nNeed Biomes: MISSING;
ReactorCraft;Calcite;Veins;Sparse Veins;Strategic Clouds;24;4;12;2;6;9.005;3.001;none;1.732;1.316;1.959;1.4;1.183;46;14;46;14;32;60;202;42;60;FEA219;;Overworld;normal;ReactorCraft:reactorcraft_block_ore:7;minecraft:stone;;Need Biome Types: Mountain\nNeed Biomes: MISSING;
ReactorCraft;Magnetite;Veins;Sparse Veins;Strategic Clouds;56;16;7;8;3.5;21.012;4.584;none;2.141;1.463;4.571;2.138;1.462;94;34;154.8;94.8;60;128;0;0;249.6;212121;;Overworld;uniform;ReactorCraft:reactorcraft_block_ore:8;minecraft:stone;;Need Biome Types: Mountain\nNeed Biomes: MISSING;
ReactorCraft;Thorite;Veins;Sparse Veins;Strategic Clouds;12;24;1;12;0.5;4.503;2.122;none;1.457;1.207;0.98;0.99;0.995;18.5;13.5;18.5;13.5;5;32;0;0;32;54A228;;Nether;uniform;ReactorCraft:reactorcraft_block_ore:9;minecraft:netherrack;;Need Biome Types: Mountain\nNeed Biomes: MISSING;
ReactorCraft;Blue Fluorite;Veins;Layered Veins;Strategic Clouds;6;8;1.5;4;0.75;0.376;0.613;0.922;0.783;0.885;0.49;0.7;0.837;46;14;46;14;32;60;202;42;60;283270;;Overworld;normal;ReactorCraft:reactorcraft_block_fluoriteore;minecraft:stone;;Need Biome Types: Mountain\nNeed Biomes: MISSING;
ReactorCraft;Pink Fluorite;Veins;Layered Veins;Strategic Clouds;6;8;1.5;4;0.75;0.376;0.613;0.922;0.783;0.885;0.49;0.7;0.837;46;14;46;14;32;60;202;42;60;7A5970;;Overworld;normal;ReactorCraft:reactorcraft_block_fluoriteore:1;minecraft:stone;;Need Biome Types: Mountain\nNeed Biomes: MISSING;
ReactorCraft;Orange Fluorite;Veins;Layered Veins;Strategic Clouds;6;8;1.5;4;0.75;0.376;0.613;0.922;0.783;0.885;0.49;0.7;0.837;46;14;46;14;32;60;202;42;60;7A5927;;Overworld;normal;ReactorCraft:reactorcraft_block_fluoriteore:2;minecraft:stone;;Need Biome Types: Mountain\nNeed Biomes: MISSING;
ReactorCraft;Magenta Fluorite;Veins;Layered Veins;Strategic Clouds;6;8;1.5;4;0.75;0.376;0.613;0.922;0.783;0.885;0.49;0.7;0.837;46;14;46;14;32;60;202;42;60;602774;;Overworld;normal;ReactorCraft:reactorcraft_block_fluoriteore:3;minecraft:stone;;Need Biome Types: Mountain\nNeed Biomes: MISSING;
ReactorCraft;Green Fluorite;Veins;Layered Veins;Strategic Clouds;6;8;1.5;4;0.75;0.376;0.613;0.922;0.783;0.885;0.49;0.7;0.837;46;14;46;14;32;60;202;42;60;347D3B;;Overworld;normal;ReactorCraft:reactorcraft_block_fluoriteore:4;minecraft:stone;;Need Biome Types: Mountain\nNeed Biomes: MISSING;
ReactorCraft;Red Fluorite;Veins;Layered Veins;Strategic Clouds;6;8;1.5;4;0.75;0.376;0.613;0.922;0.783;0.885;0.49;0.7;0.837;46;14;46;14;32;60;202;42;60;974747;;Overworld;normal;ReactorCraft:reactorcraft_block_fluoriteore:5;minecraft:stone;;Need Biome Types: Mountain\nNeed Biomes: MISSING;
ReactorCraft;White Fluorite;Veins;Layered Veins;Strategic Clouds;6;8;1.5;4;0.75;0.376;0.613;0.922;0.783;0.885;0.49;0.7;0.837;46;14;46;14;32;60;202;42;60;969696;;Overworld;normal;ReactorCraft:reactorcraft_block_fluoriteore:6;minecraft:stone;;Need Biome Types: Mountain\nNeed Biomes: MISSING;
ReactorCraft;Yellow Fluorite;Veins;Layered Veins;Strategic Clouds;6;8;1.5;4;0.75;0.376;0.613;0.922;0.783;0.885;0.49;0.7;0.837;46;14;46;14;32;60;202;42;60;978834;;Overworld;normal;ReactorCraft:reactorcraft_block_fluoriteore:7;minecraft:stone;;Need Biome Types: Mountain\nNeed Biomes: MISSING;
Simple Ores;Copper;Veins;Layered Veins;Strategic Clouds;122.5;7;35;3.5;17.5;7.671;2.77;1.185;1.664;1.290;10;3.162;1.778;48;42;72.7;66.7;6;90;208;126;139.4;FF8E2B;;Overworld;normal;simpleores:copper_ore;minecraft:stone;;Need Biome Types: Mountain\nNeed Biomes: MISSING;
Simple Ores;Tin;Veins;Layered Veins;Strategic Clouds;105;7;30;3.5;15;6.575;2.564;1.170;1.601;1.265;8.571;2.928;1.711;48;42;72.7;66.7;6;90;208;126;139.4;E8E8E8;;Overworld;normal;simpleores:tin_ore;minecraft:stone;;Need Biome Types: Mountain\nNeed Biomes: MISSING;
Simple Ores;Mythril;Veins;Layered Veins;Strategic Clouds;16;4;8;2;4;1.002;1.001;1.000;1.000;1.000;1.306;1.143;1.069;20;15;20;15;5;35;124;45;35;79AFD2;;Overworld;normal;simpleores:mythril_ore;minecraft:stone;;Need Biome Types: Mountain\nNeed Biomes: MISSING;
Simple Ores;Adamantium;Veins;Layered Veins;Strategic Clouds;8;4;4;2;2;0.501;0.708;0.944;0.841;0.917;0.653;0.808;0.899;13;7;13;7;6;20;103;21;20;159800;;Overworld;normal;simpleores:adamantium_ore;minecraft:stone;;Need Biome Types: Mountain\nNeed Biomes: MISSING;
Simple Ores;Onyx;Veins;Pipe Veins;Strategic Clouds;17.5;7;5;3.5;2.5;2.551;1.597;none;1.264;1.124;1.429;1.195;1.093;72;56;132.8;116.8;16;128;0;0;249.6;232323;1523;Nether;uniform;simpleores:onyx_ore;minecraft:netherrack;Alternate Blocks: minecraft:lava;Need Biome Types: Mountain\nNeed Biomes: MISSING\nAlternate Blocks: minecraft:lava;
ThaumCraft 4;Amber Bearing Stone;Veins;Sparse Veins;Strategic Clouds;10;1;20;0.5;10;3.752;1.937;none;1.392;1.180;0.816;0.904;0.951;51.5;12.5;51.5;12.5;39;64;218.5;37.5;64;FE9D1B;;Overworld;normal;Thaumcraft:blockCustomOre:7;minecraft:stone;;Need Biome Types: Mountain\nNeed Biomes: MISSING;
ThaumCraft 4;Cinnabar;Veins;Sparse Veins;Strategic Clouds;9;1;18;0.5;9;3.377;1.838;none;1.356;1.164;0.735;0.857;0.926;26;26;26;26;0;52;142;78;52;831C20;;Overworld;normal;Thaumcraft:blockCustomOre;minecraft:stone;;Need Biome Types: Mountain\nNeed Biomes: MISSING;
ThaumCraft 4;Air Infused Stone;Veins;Sparse Veins;Strategic Clouds;24;6;8;3;4;9.005;3.001;none;1.732;1.316;0.67;0.818;0.905;32;27;32;27;5;59;0;0;59;FEFEAB;;Overworld;normal;Thaumcraft:blockCustomOre:1;minecraft:stone;Prefer Biome Types: Savanna, Mountain, Hills, Plains;Prefer Biome Types: Savanna, Mountain, Hills, Plains;
ThaumCraft 4;Fire Infused Stone;Veins;Sparse Veins;Strategic Clouds;24;6;8;3;4;9.005;3.001;none;1.732;1.316;0.67;0.818;0.905;32;27;32;27;5;59;0;0;59;FC5100;;Overworld;normal;Thaumcraft:blockCustomOre:2;minecraft:stone;Prefer Biome Types: Hot, Sandy, Nether, Mesa;Prefer Biome Types: Hot, Sandy, Nether, Mesa;
ThaumCraft 4;Water Infused Stone;Veins;Sparse Veins;Strategic Clouds;24;6;8;3;4;9.005;3.001;none;1.732;1.316;0.67;0.818;0.905;32;27;32;27;5;59;0;0;59;00C0FA;;Overworld;normal;Thaumcraft:blockCustomOre:3;minecraft:stone;Prefer Biome Types: Water, Ocean, River, Wet;Prefer Biome Types: Water, Ocean, River, Wet;
ThaumCraft 4;Earth Infused Stone;Veins;Sparse Veins;Strategic Clouds;24;6;8;3;4;9.005;3.001;none;1.732;1.316;0.67;0.818;0.905;32;27;32;27;5;59;0;0;59;00D900;;Overworld;normal;Thaumcraft:blockCustomOre:4;minecraft:stone;Prefer Biome Types: Coniferous, Forest, Sandy, Beach;Prefer Biome Types: Coniferous, Forest, Sandy, Beach;
ThaumCraft 4;Order Infused Stone;Veins;Sparse Veins;Strategic Clouds;24;6;8;3;4;9.005;3.001;none;1.732;1.316;0.67;0.818;0.905;32;27;32;27;5;59;0;0;59;EBEBF9;;Overworld;normal;Thaumcraft:blockCustomOre:5;minecraft:stone;Prefer Biome Types: Dense, Snowy, Cold, Mushroom;Prefer Biome Types: Dense, Snowy, Cold, Mushroom;
ThaumCraft 4;Entropy Infused Stone;Veins;Sparse Veins;Strategic Clouds;24;6;8;3;4;9.005;3.001;none;1.732;1.316;0.67;0.818;0.905;32;27;32;27;5;59;0;0;59;260920;;Overworld;normal;Thaumcraft:blockCustomOre:6;minecraft:stone;Prefer Biome Types: Dry, Sparse, Swamp, Wasteland;Prefer Biome Types: Dry, Sparse, Swamp, Wasteland;
Thermal Foundation;Copper;Veins;Layered Veins;Strategic Clouds;40;8;10;4;5;2.505;1.583;1.080;1.258;1.122;3.265;1.807;1.344;68;28;98.4;58.4;40;96;0;0;156.8;FF8E2B;;Overworld;uniform;ThermalFoundation:Ore;minecraft:stone;;Need Biome Types: Mountain\nNeed Biomes: MISSING;
Thermal Foundation;Tin;Veins;Layered Veins;Strategic Clouds;32;8;8;4;4;2.004;1.416;1.060;1.190;1.091;2.612;1.616;1.271;38;17;38;17;21;55;178;51;55;E8E8E8;;Overworld;normal;ThermalFoundation:Ore:1;minecraft:stone;;Need Biome Types: Mountain\nNeed Biomes: MISSING;
Thermal Foundation;Silver;Veins;Layered Veins;Strategic Clouds;24;8;6;4;3;1.503;1.226;1.035;1.107;1.052;1.959;1.4;1.183;17.5;12.5;17.5;12.5;5;30;116.5;37.5;30;E3F2F7;;Overworld;normal;ThermalFoundation:Ore:2;minecraft:stone;;Need Biome Types: Mountain\nNeed Biomes: MISSING;
Thermal Foundation;Lead;Veins;Layered Veins;Strategic Clouds;32;8;8;4;4;2.004;1.416;1.060;1.190;1.091;2.612;1.616;1.271;23;12;23;12;11;35;133;36;35;818EBE;;Overworld;normal;ThermalFoundation:Ore:3;minecraft:stone;;Need Biome Types: Mountain\nNeed Biomes: MISSING;
Thermal Foundation;Ferrous;Veins;Layered Veins;Strategic Clouds;6;4;3;2;1.5;0.376;0.613;0.922;0.783;0.885;0.49;0.7;0.837;12.5;7.5;12.5;7.5;5;20;101.5;22.5;20;BCBDAB;;Overworld;normal;ThermalFoundation:Ore:4;minecraft:stone;;Need Biome Types: Mountain\nNeed Biomes: MISSING;
Thermal Foundation;Shiny;Veins;Layered Veins;Strategic Clouds;1.5;3;1;1.5;0.5;0.094;0.306;0.821;0.554;0.744;0.122;0.35;0.592;17.5;12.5;17.5;12.5;5;30;116.5;37.5;30;6FE5F3;;Overworld;normal;ThermalFoundation:Ore:5;minecraft:stone;;Need Biome Types: Mountain\nNeed Biomes: MISSING;
Tinker's Construct;Cobalt;Veins;Small Deposits;Strategic Clouds;12;3;8;1.5;4;1.176;1.084;1.014;none;none;0.98;0.99;0.995;64;64;124.8;124.8;0;128;0;0;249.6;1D62B8;;Nether;uniform;tconstruct:ore;minecraft:netherrack;;Need Biome Types: Mountain\nNeed Biomes: MISSING;
Tinker's Construct;Ardite;Veins;Small Deposits;Strategic Clouds;12;3;8;1.5;4;1.176;1.084;1.014;none;none;0.98;0.99;0.995;64;64;124.8;124.8;0;128;0;0;249.6;F48A00;;Nether;uniform;tconstruct:ore:1;minecraft:netherrack;;Need Biome Types: Mountain\nNeed Biomes: MISSING;
Tinker's Steelworks;Limestone;Clouds;Layered Veins;Stratum Clouds;32;32;2;16;1;2.004;1.416;1.060;1.190;1.091;0.893;0.945;0.972;38;26;38;26;12;64;178;78;64;C5CCA9;;Overworld;normal;TSteelworks:Limestone;minecraft:stone;;Need Biome Types: Mountain\nNeed Biomes: MISSING;
